count,group,metric,metric_type,value
66,t_plus_0h,mae,temperature,1.6546902404971375
66,t_plus_0h,rmse,temperature,2.0591635224642117
66,t_plus_0h,bias,temperature,0.06445264883744442
66,t_plus_0h,within_1f,temperature,0.3787878787878788
66,t_plus_0h,within_2f,temperature,0.6515151515151515
66,t_plus_10h,mae,temperature,1.57993967512969
66,t_plus_10h,rmse,temperature,1.9901205726560498
66,t_plus_10h,bias,temperature,0.08948468362444936
66,t_plus_10h,within_1f,temperature,0.36363636363636365
66,t_plus_10h,within_2f,temperature,0.6818181818181818
66,t_plus_11h,mae,temperature,1.4898332465522226
66,t_plus_11h,rmse,temperature,1.8908873696573234
66,t_plus_11h,bias,temperature,0.05909357723805466
66,t_plus_11h,within_1f,temperature,0.3787878787878788
66,t_plus_11h,within_2f,temperature,0.6818181818181818
66,t_plus_12h,mae,temperature,1.3408546819825575
66,t_plus_12h,rmse,temperature,1.7547144718102843
66,t_plus_12h,bias,temperature,0.16605855718540852
66,t_plus_12h,within_1f,temperature,0.4696969696969697
66,t_plus_12h,within_2f,temperature,0.7272727272727273
66,t_plus_13h,mae,temperature,1.287791280152779
66,t_plus_13h,rmse,temperature,1.6876595448396232
66,t_plus_13h,bias,temperature,0.16585860247644896
66,t_plus_13h,within_1f,temperature,0.5
66,t_plus_13h,within_2f,temperature,0.803030303030303
66,t_plus_14h,mae,temperature,1.1516549997713248
66,t_plus_14h,rmse,temperature,1.5763587348978734
66,t_plus_14h,bias,temperature,0.3806589342975357
66,t_plus_14h,within_1f,temperature,0.5454545454545454
66,t_plus_14h,within_2f,temperature,0.8484848484848485
66,t_plus_15h,mae,temperature,1.0388278443970937
66,t_plus_15h,rmse,temperature,1.4321982405270552
66,t_plus_15h,bias,temperature,0.3936176192818957
66,t_plus_15h,within_1f,temperature,0.5909090909090909
66,t_plus_15h,within_2f,temperature,0.8939393939393939
66,t_plus_16h,mae,temperature,0.8234909300734853
66,t_plus_16h,rmse,temperature,1.1959864349951899
66,t_plus_16h,bias,temperature,0.4347513590144698
66,t_plus_16h,within_1f,temperature,0.7272727272727273
66,t_plus_16h,within_2f,temperature,0.9242424242424242
66,t_plus_17h,mae,temperature,0.7245734797063785
66,t_plus_17h,rmse,temperature,1.0236207619882873
66,t_plus_17h,bias,temperature,0.3815905270723498
66,t_plus_17h,within_1f,temperature,0.7424242424242424
66,t_plus_17h,within_2f,temperature,0.9545454545454546
66,t_plus_18h,mae,temperature,0.5358109031535692
66,t_plus_18h,rmse,temperature,0.770761069105951
66,t_plus_18h,bias,temperature,0.14518747847340394
66,t_plus_18h,within_1f,temperature,0.8787878787878788
66,t_plus_18h,within_2f,temperature,0.9696969696969697
66,t_plus_19h,mae,temperature,0.47334444863236597
66,t_plus_19h,rmse,temperature,0.6337505584273996
66,t_plus_19h,bias,temperature,0.05390355457777671
66,t_plus_19h,within_1f,temperature,0.9393939393939394
66,t_plus_19h,within_2f,temperature,0.9848484848484849
66,t_plus_1h,mae,temperature,1.6501397557052364
66,t_plus_1h,rmse,temperature,2.0751234411809696
66,t_plus_1h,bias,temperature,0.00158991040659653
66,t_plus_1h,within_1f,temperature,0.3787878787878788
66,t_plus_1h,within_2f,temperature,0.6666666666666666
67,t_plus_20h,mae,temperature,0.45339926933559105
67,t_plus_20h,rmse,temperature,0.5967120246251486
67,t_plus_20h,bias,temperature,0.0370408163533909
67,t_plus_20h,within_1f,temperature,0.9402985074626866
67,t_plus_20h,within_2f,temperature,1.0
68,t_plus_21h,mae,temperature,0.4493043131796369
68,t_plus_21h,rmse,temperature,0.6035697699702969
68,t_plus_21h,bias,temperature,0.0018894896465007475
68,t_plus_21h,within_1f,temperature,0.9558823529411765
68,t_plus_21h,within_2f,temperature,0.9852941176470589
70,t_plus_22h,mae,temperature,0.45384097627610426
70,t_plus_22h,rmse,temperature,0.610375045648877
70,t_plus_22h,bias,temperature,-0.006246788170682699
70,t_plus_22h,within_1f,temperature,0.9428571428571428
70,t_plus_22h,within_2f,temperature,0.9857142857142858
72,t_plus_23h,mae,temperature,0.4695349070390065
72,t_plus_23h,rmse,temperature,0.6468768111586657
72,t_plus_23h,bias,temperature,-0.03524600584033225
72,t_plus_23h,within_1f,temperature,0.9444444444444444
72,t_plus_23h,within_2f,temperature,0.9861111111111112
66,t_plus_2h,mae,temperature,1.6495852085716751
66,t_plus_2h,rmse,temperature,2.0718214563342188
66,t_plus_2h,bias,temperature,0.11991598040571762
66,t_plus_2h,within_1f,temperature,0.4090909090909091
66,t_plus_2h,within_2f,temperature,0.6363636363636364
66,t_plus_3h,mae,temperature,1.6347488325913904
66,t_plus_3h,rmse,temperature,2.0337136127725657
66,t_plus_3h,bias,temperature,0.03704860285120393
66,t_plus_3h,within_1f,temperature,0.3787878787878788
66,t_plus_3h,within_2f,temperature,0.6363636363636364
66,t_plus_4h,mae,temperature,1.6256104013840924
66,t_plus_4h,rmse,temperature,2.02136195522044
66,t_plus_4h,bias,temperature,0.03494803781928282
66,t_plus_4h,within_1f,temperature,0.3484848484848485
66,t_plus_4h,within_2f,temperature,0.6818181818181818
66,t_plus_5h,mae,temperature,1.5666773198271464
66,t_plus_5h,rmse,temperature,1.9676077375843644
66,t_plus_5h,bias,temperature,0.12750198463513818
66,t_plus_5h,within_1f,temperature,0.36363636363636365
66,t_plus_5h,within_2f,temperature,0.6818181818181818
66,t_plus_6h,mae,temperature,1.5483640178426448
66,t_plus_6h,rmse,temperature,1.9424534484018592
66,t_plus_6h,bias,temperature,0.13373606103574076
66,t_plus_6h,within_1f,temperature,0.3787878787878788
66,t_plus_6h,within_2f,temperature,0.6666666666666666
66,t_plus_7h,mae,temperature,1.5343053742835921
66,t_plus_7h,rmse,temperature,1.9068933686418303
66,t_plus_7h,bias,temperature,0.16315642902840186
66,t_plus_7h,within_1f,temperature,0.3939393939393939
66,t_plus_7h,within_2f,temperature,0.696969696969697
66,t_plus_8h,mae,temperature,1.5409433771242067
66,t_plus_8h,rmse,temperature,1.8931834449826148
66,t_plus_8h,bias,temperature,0.04786076418646507
66,t_plus_8h,within_1f,temperature,0.42424242424242425
66,t_plus_8h,within_2f,temperature,0.6666666666666666
66,t_plus_9h,mae,temperature,1.5554467230772056
66,t_plus_9h,rmse,temperature,1.8941655966597908
66,t_plus_9h,bias,temperature,0.050468309485166195
66,t_plus_9h,within_1f,temperature,0.3484848484848485
66,t_plus_9h,within_2f,temperature,0.6818181818181818
66,t_plus_0h,log_loss,bracket,1.3534188588670713
66,t_plus_0h,brier,bracket,0.6944977025213266
66,t_plus_0h,rps,bracket,0.10655183145606383
66,t_plus_0h,top_one_accuracy,bracket,0.4090909090909091
66,t_plus_0h,winner_probability,bracket,0.29324646803762094
66,t_plus_10h,log_loss,bracket,1.3283131168912963
66,t_plus_10h,brier,bracket,0.6966717214281457
66,t_plus_10h,rps,bracket,0.1033043055759248
66,t_plus_10h,top_one_accuracy,bracket,0.3939393939393939
66,t_plus_10h,winner_probability,bracket,0.30733949493326074
66,t_plus_11h,log_loss,bracket,1.274003707130094
66,t_plus_11h,brier,bracket,0.6767388719107615
66,t_plus_11h,rps,bracket,0.09807677946542648
66,t_plus_11h,top_one_accuracy,bracket,0.42424242424242425
66,t_plus_11h,winner_probability,bracket,0.3247857797885521
66,t_plus_12h,log_loss,bracket,1.1675330480150838
66,t_plus_12h,brier,bracket,0.6310083885699203
66,t_plus_12h,rps,bracket,0.08624301494294793
66,t_plus_12h,top_one_accuracy,bracket,0.4696969696969697
66,t_plus_12h,winner_probability,bracket,0.35157776408404146
66,t_plus_13h,log_loss,bracket,1.107507461907798
66,t_plus_13h,brier,bracket,0.6145460565692983
66,t_plus_13h,rps,bracket,0.0791857610600967
66,t_plus_13h,top_one_accuracy,bracket,0.45454545454545453
66,t_plus_13h,winner_probability,bracket,0.36434620222039793
66,t_plus_14h,log_loss,bracket,1.0165986207158164
66,t_plus_14h,brier,bracket,0.5761847983711209
66,t_plus_14h,rps,bracket,0.07325111065734788
66,t_plus_14h,top_one_accuracy,bracket,0.5151515151515151
66,t_plus_14h,winner_probability,bracket,0.40189075849739103
66,t_plus_15h,log_loss,bracket,0.943471510977709
66,t_plus_15h,brier,bracket,0.5434862983524338
66,t_plus_15h,rps,bracket,0.06583267318723189
66,t_plus_15h,top_one_accuracy,bracket,0.5606060606060606
66,t_plus_15h,winner_probability,bracket,0.4256077835521537
66,t_plus_16h,log_loss,bracket,0.82106493558109
66,t_plus_16h,brier,bracket,0.4714833707900676
66,t_plus_16h,rps,bracket,0.054740901842216194
66,t_plus_16h,top_one_accuracy,bracket,0.6666666666666666
66,t_plus_16h,winner_probability,bracket,0.47086884986096095
66,t_plus_17h,log_loss,bracket,0.7453712560266443
66,t_plus_17h,brier,bracket,0.41861077989995005
66,t_plus_17h,rps,bracket,0.047769855947779896
66,t_plus_17h,top_one_accuracy,bracket,0.7575757575757576
66,t_plus_17h,winner_probability,bracket,0.5016599088067651
66,t_plus_18h,log_loss,bracket,0.6844991959765215
66,t_plus_18h,brier,bracket,0.3816436150958296
66,t_plus_18h,rps,bracket,0.04077552955720886
66,t_plus_18h,top_one_accuracy,bracket,0.8484848484848485
66,t_plus_18h,winner_probability,bracket,0.5266793084215508
66,t_plus_19h,log_loss,bracket,0.6918357052567414
66,t_plus_19h,brier,bracket,0.38169418337769284
66,t_plus_19h,rps,bracket,0.04102816163374461
66,t_plus_19h,top_one_accuracy,bracket,0.8636363636363636
66,t_plus_19h,winner_probability,bracket,0.5283109329566573
66,t_plus_1h,log_loss,bracket,1.3536718353595099
66,t_plus_1h,brier,bracket,0.6926030782105755
66,t_plus_1h,rps,bracket,0.106493038633577
66,t_plus_1h,top_one_accuracy,bracket,0.4090909090909091
66,t_plus_1h,winner_probability,bracket,0.2972276672253848
67,t_plus_20h,log_loss,bracket,0.7423006894400982
67,t_plus_20h,brier,bracket,0.40552663514705817
67,t_plus_20h,rps,bracket,0.0457782720593765
67,t_plus_20h,top_one_accuracy,bracket,0.835820895522388
67,t_plus_20h,winner_probability,bracket,0.5089280353866066
68,t_plus_21h,log_loss,bracket,0.814984129317355
68,t_plus_21h,brier,bracket,0.4379499145170927
68,t_plus_21h,rps,bracket,0.05478379548772303
68,t_plus_21h,top_one_accuracy,bracket,0.8088235294117647
68,t_plus_21h,winner_probability,bracket,0.48355906592475834
70,t_plus_22h,log_loss,bracket,0.8412331373979591
70,t_plus_22h,brier,bracket,0.44984081184508995
70,t_plus_22h,rps,bracket,0.060356071677854534
70,t_plus_22h,top_one_accuracy,bracket,0.7428571428571429
70,t_plus_22h,winner_probability,bracket,0.4737875526748086
72,t_plus_23h,log_loss,bracket,0.8750849353497601
72,t_plus_23h,brier,bracket,0.4696176627245737
72,t_plus_23h,rps,bracket,0.06539624883653847
72,t_plus_23h,top_one_accuracy,bracket,0.7083333333333334
72,t_plus_23h,winner_probability,bracket,0.46206043875599706
66,t_plus_2h,log_loss,bracket,1.3611111390042914
66,t_plus_2h,brier,bracket,0.7023932882446445
66,t_plus_2h,rps,bracket,0.10703824234591329
66,t_plus_2h,top_one_accuracy,bracket,0.3939393939393939
66,t_plus_2h,winner_probability,bracket,0.29142724377254964
66,t_plus_3h,log_loss,bracket,1.3346439475235428
66,t_plus_3h,brier,bracket,0.6957015482271094
66,t_plus_3h,rps,bracket,0.10424375823373355
66,t_plus_3h,top_one_accuracy,bracket,0.3939393939393939
66,t_plus_3h,winner_probability,bracket,0.301179456982759
66,t_plus_4h,log_loss,bracket,1.33148641429668
66,t_plus_4h,brier,bracket,0.6940579820082727
66,t_plus_4h,rps,bracket,0.10399430429696951
66,t_plus_4h,top_one_accuracy,bracket,0.36363636363636365
66,t_plus_4h,winner_probability,bracket,0.3024458558132903
66,t_plus_5h,log_loss,bracket,1.3134618534009712
66,t_plus_5h,brier,bracket,0.6809115816146378
66,t_plus_5h,rps,bracket,0.1012416290614885
66,t_plus_5h,top_one_accuracy,bracket,0.42424242424242425
66,t_plus_5h,winner_probability,bracket,0.30825340099375176
66,t_plus_6h,log_loss,bracket,1.315465504626823
66,t_plus_6h,brier,bracket,0.6835423906390065
66,t_plus_6h,rps,bracket,0.10136088334323663
66,t_plus_6h,top_one_accuracy,bracket,0.4393939393939394
66,t_plus_6h,winner_probability,bracket,0.3063813391329636
66,t_plus_7h,log_loss,bracket,1.2892828882989835
66,t_plus_7h,brier,bracket,0.670675480402017
66,t_plus_7h,rps,bracket,0.0991514320273695
66,t_plus_7h,top_one_accuracy,bracket,0.5
66,t_plus_7h,winner_probability,bracket,0.31325181879077363
66,t_plus_8h,log_loss,bracket,1.3000754967231827
66,t_plus_8h,brier,bracket,0.6747778650610411
66,t_plus_8h,rps,bracket,0.09993011437859566
66,t_plus_8h,top_one_accuracy,bracket,0.4393939393939394
66,t_plus_8h,winner_probability,bracket,0.3131532345452569
66,t_plus_9h,log_loss,bracket,1.2898055353754567
66,t_plus_9h,brier,bracket,0.6767007004609403
66,t_plus_9h,rps,bracket,0.10010627218355288
66,t_plus_9h,top_one_accuracy,bracket,0.4090909090909091
66,t_plus_9h,winner_probability,bracket,0.3139789191526872
