bin,brier,count,empirical_win_rate,log_loss,lower,mean_top_probability,mean_winner_probability,top_one_accuracy,upper
0.0-0.1,,0,,,0.0,,,,0.1
0.1-0.2,,0,,,0.1,,,,0.2
0.2-0.3,,0,,,0.2,,,,0.3
0.3-0.4,0.6524330138574721,35,0.5142857142857142,1.1896036489822381,0.3,0.36086062968184346,0.3119774155693085,0.5142857142857142,0.4
0.4-0.5,0.6707684393562975,302,0.37748344370860926,1.2398236352212275,0.4,0.4655705223625648,0.34814787589597507,0.37748344370860926,0.5
0.5-0.6,0.558008028752438,423,0.5886524822695035,1.012010921566239,0.5,0.5417681584862454,0.4325581012802551,0.5886524822695035,0.6
0.6-0.7,0.3786289748266166,317,0.8170347003154574,0.7641143459878189,0.6,0.6511965904299416,0.5655315674785318,0.8170347003154574,0.7
0.7-0.8,0.17353036542605343,81,0.9382716049382716,0.3702207452946143,0.7,0.7447182817520115,0.7144723261687645,0.9382716049382716,0.8
0.8-0.9,0.08014043562332966,88,0.9772727272727273,0.21210464140689692,0.8,0.8462047709890089,0.8291750182742289,0.9772727272727273,0.9
0.9-1.0,0.03970151679366284,50,0.98,0.1005931096892543,0.9,0.9496978149977388,0.9330121398318819,0.98,1.0
