checkpoint,city,closing_mid,clv,contracts,edge,entry_price,entry_time_utc,event_ticker,hit,market_ticker,model_probability,order_id,pnl,roi,settlement_value,side,target_date,winner_ticker
utc_05,mia,0.005,-0.245,12.0,0.5049034953824062,0.25,2026-07-02 05:00:00+00:00,KXHIGHMIA-26JUL02,0.0,KXHIGHMIA-26JUL02-B89.5,0.5049034953824062,edgecaster-000001,-3.0,-1.0,0.0,yes,2026-07-02,KXHIGHMIA-26JUL02-B93.5
utc_05,nyc,0.995,0.405,5.0,0.40900000897300026,0.59,2026-07-02 05:00:00+00:00,KXHIGHNY-26JUL02,1.0,KXHIGHNY-26JUL02-T99,0.40900000897300026,edgecaster-000002,2.0500000000000003,0.6949152542372883,1.0,no,2026-07-02,KXHIGHNY-26JUL02-B99.5
utc_06,aus,0.995,0.265,4.0,0.22792659886401845,0.73,2026-07-02 06:00:00+00:00,KXHIGHAUS-26JUL02,1.0,KXHIGHAUS-26JUL02-B97.5,0.22792659886401845,edgecaster-000003,1.08,0.36986301369863017,1.0,no,2026-07-02,KXHIGHAUS-26JUL02-B95.5
utc_06,okc,0.995,0.585,7.0,0.07135161299647691,0.41,2026-07-02 06:00:00+00:00,KXHIGHTOKC-26JUL02,1.0,KXHIGHTOKC-26JUL02-B95.5,0.07135161299647691,edgecaster-000004,4.130000000000001,1.4390243902439028,1.0,yes,2026-07-02,KXHIGHTOKC-26JUL02-B95.5
utc_07,den,0.985,0.775,14.0,0.574350050198405,0.21,2026-07-02 07:00:00+00:00,KXHIGHDEN-26JUL02,1.0,KXHIGHDEN-26JUL02-B89.5,0.574350050198405,edgecaster-000005,11.06,3.7619047619047623,1.0,yes,2026-07-02,KXHIGHDEN-26JUL02-B89.5
utc_08,la,0.005,-0.335,8.0,0.46757002180439117,0.34,2026-07-02 08:00:00+00:00,KXHIGHLAX-26JUL02,0.0,KXHIGHLAX-26JUL02-B70.5,0.46757002180439117,edgecaster-000006,-2.72,-1.0,0.0,yes,2026-07-02,KXHIGHLAX-26JUL02-B72.5
utc_16,nyc,0.005,-0.075,10.0,0.6534342712704655,0.08,2026-07-04 16:00:00+00:00,KXHIGHNY-26JUL04,0.0,KXHIGHNY-26JUL04-T98,0.6534342712704655,edgecaster-000007,-0.8,-1.0,0.0,no,2026-07-04,KXHIGHNY-26JUL04-T98
utc_16,mia,0.005,-0.365,8.0,0.4403787535357184,0.37,2026-07-04 16:00:00+00:00,KXHIGHMIA-26JUL04,0.0,KXHIGHMIA-26JUL04-B92.5,0.4403787535357184,edgecaster-000008,-2.96,-1.0,0.0,no,2026-07-04,KXHIGHMIA-26JUL04-B92.5
utc_16,la,0.995,0.5549999999999999,6.0,0.3101188708384606,0.44,2026-07-04 16:00:00+00:00,KXHIGHLAX-26JUL04,1.0,KXHIGHLAX-26JUL04-B73.5,0.3101188708384606,edgecaster-000009,3.3600000000000003,1.2727272727272727,1.0,no,2026-07-04,KXHIGHLAX-26JUL04-T74
utc_16,aus,0.005,-0.415,7.0,0.21202644844128166,0.42,2026-07-04 16:00:00+00:00,KXHIGHAUS-26JUL04,0.0,KXHIGHAUS-26JUL04-B97.5,0.21202644844128166,edgecaster-000010,-2.94,-1.0,0.0,no,2026-07-04,KXHIGHAUS-26JUL04-B97.5
utc_16,den,0.030000000000000002,-0.61,4.0,0.15401217063493644,0.64,2026-07-04 16:00:00+00:00,KXHIGHDEN-26JUL04,0.0,KXHIGHDEN-26JUL04-B91.5,0.15401217063493644,edgecaster-000011,-2.56,-1.0,0.0,no,2026-07-04,KXHIGHDEN-26JUL04-B91.5
utc_16,okc,0.995,0.395,5.0,0.09581580871104212,0.6,2026-07-04 16:00:00+00:00,KXHIGHTOKC-26JUL04,1.0,KXHIGHTOKC-26JUL04-B98.5,0.09581580871104212,edgecaster-000012,2.0,0.6666666666666666,1.0,no,2026-07-04,KXHIGHTOKC-26JUL04-B100.5
