bias,bracket_rows,brier,log_loss,mae,model_name,rmse,rps,temperature_rows,top_one_accuracy,winner_probability,within_1f,within_2f
0.125856951438173,1597,0.5831406184114948,1.0936371672248948,1.1705344939623783,raycaster,1.6081275034846139,0.08094363859964437,1597,0.5529117094552286,0.3829004881095763,0.5748278021289919,0.7971195992485911
0.125856951438173,1597,0.5599831744076322,1.0777822487691302,1.1705344939623783,raycaster_source_blend_hybrid,1.6081275034846139,0.077882028117811,1597,0.5785848465873513,0.4505861850559676,0.5748278021289919,0.7971195992485911
-0.07696931747025645,1597,0.5599831744076322,1.0777822487691302,1.2039323731997498,source_blend,1.6284041844248078,0.077882028117811,1597,0.5785848465873513,0.4505861850559676,0.5341264871634315,0.7908578584846587
0.18350457657788125,1597,0.554169043555534,1.0842845830822117,1.2155891978709155,mos_ridge,1.6663067301374033,0.07867586872622373,1597,0.577958672510958,0.4523705142852774,0.5635566687539136,0.7808390732623669
0.23572542584479006,1597,0.5532026452646776,1.0846519232060072,1.2297288053208584,mos_elastic_net,1.6908068761681794,0.07872368039098551,1597,0.5810895428929242,0.45074722310221854,0.5629304946775203,0.7833437695679399
0.23711959924859125,1597,0.5968591594103467,1.1448615147992516,1.3385597996242957,nws_anchor,1.7693846681671277,0.08538831769272362,1597,0.5216030056355667,0.42992646881200014,0.5785848465873513,0.8559799624295554
0.238171571696932,1597,0.630324917307467,1.237662411623667,1.4501440200375706,ensemble_median,2.007541198985227,0.09590867030246945,1597,0.5034439574201628,0.4155581430521478,0.514715090795241,0.7551659361302442
0.18403256105197255,1597,0.608122618003267,1.264062425514166,1.4735128365685661,hrrr_projected,2.1734187135007756,0.09882898765115729,1597,0.5466499686912962,0.4282897893522912,0.5479023168440826,0.7188478396994364
-0.7914339386349404,1597,0.6110717629760807,1.219458094057244,1.486800250469631,nbm_projected,2.0535450051777646,0.09348452986005512,1597,0.5335003130870382,0.40639298622916414,0.4946775203506575,0.7169693174702567
