city,event_ticker,expected_high_f,model_name,q05,q10,q25,q50,q75,q90,q95,snapshot_hour_utc
aus,KXHIGHAUS-26JUL15,81.3776626586914,neuralcaster_v2,79.0801175916195,79.5871138586998,80.43629768896103,81.3776626586914,82.31902762842178,83.16821145868302,83.67520772576331,2026-07-15T06:00:00+00:00
aus,KXHIGHAUS-26JUL15,81.17451477050781,neuralcaster_v2,78.9008491051197,79.4025759358406,80.24293382310867,81.17451477050781,82.10609571790695,82.94645360517502,83.44818043589592,2026-07-15T07:00:00+00:00
aus,KXHIGHAUS-26JUL15,81.06674194335938,neuralcaster_v2,78.79873531103134,79.29921337032319,80.13747965145112,81.06674194335938,81.99600423526763,82.83427051639556,83.33474857568741,2026-07-15T08:00:00+00:00
aus,KXHIGHAUS-26JUL15,80.9402084350586,neuralcaster_v2,78.67558020114899,79.17531275367737,80.01233036231994,80.9402084350586,81.86808650779724,82.70510411643981,83.2048366689682,2026-07-15T09:00:00+00:00
aus,KXHIGHAUS-26JUL15,80.85567474365234,neuralcaster_v2,78.59526421308517,79.09406605052948,79.92952477550507,80.85567474365234,81.78182471179962,82.61728343677521,83.11608527421951,2026-07-15T10:00:00+00:00
aus,KXHIGHAUS-26JUL15,80.81629943847656,neuralcaster_v2,78.56452198266983,79.0614187707901,79.89368666934968,80.81629943847656,81.73891220760345,82.57118010616303,83.0680768942833,2026-07-15T11:00:00+00:00
aus,KXHIGHAUS-26JUL15,80.69084930419922,neuralcaster_v2,78.4467775696516,78.94197394633294,79.7713937728405,80.69084930419922,81.61030483555794,82.4397246620655,82.93492103874684,2026-07-15T12:00:00+00:00
aus,KXHIGHAUS-26JUL15,80.82546997070312,neuralcaster_v2,78.59304672956466,79.08567264842988,79.91078713512421,80.82546997070312,81.74015280628204,82.56526729297637,83.05789321184159,2026-07-15T13:00:00+00:00
aus,KXHIGHAUS-26JUL15,80.92608642578125,neuralcaster_v2,78.70798117756844,79.19744756364823,80.01727005052567,80.92608642578125,81.83490280103683,82.65472528791427,83.14419167399406,2026-07-15T14:00:00+00:00
aus,KXHIGHAUS-26JUL15,80.38690948486328,neuralcaster_v2,78.1611504817009,78.65230581188202,79.47495716381073,80.38690948486328,81.29886180591583,82.12151315784455,82.61266848802566,2026-07-15T15:00:00+00:00
aus,KXHIGHAUS-26JUL15,80.6688461303711,neuralcaster_v2,78.4651714360714,78.95145345067978,79.76594233465195,80.6688461303711,81.57174992609023,82.38623881006241,82.87252082467079,2026-07-15T16:00:00+00:00
aus,KXHIGHAUS-26JUL15,80.52619171142578,neuralcaster_v2,78.32559106945992,78.81119473695755,79.62454743623734,80.52619171142578,81.42783598661423,82.24118868589402,82.72679235339164,2026-07-15T17:00:00+00:00
aus,KXHIGHAUS-26JUL15,80.62085723876953,neuralcaster_v2,78.44159200251103,78.9224876139164,79.72795464348793,80.62085723876953,81.51375983405113,82.31922686362266,82.80012247502803,2026-07-15T18:00:00+00:00
aus,KXHIGHAUS-26JUL15,80.71117401123047,neuralcaster_v2,78.53655691623688,79.0164268283844,79.82017588233948,80.71117401123047,81.60217214012145,82.40592119407654,82.88579110622406,2026-07-15T19:00:00+00:00
aus,KXHIGHAUS-26JUL15,80.19338989257812,neuralcaster_v2,78.06897970438004,78.53777052402496,79.3229628610611,80.19338989257812,81.06381692409515,81.84900926113129,82.31780008077621,2026-07-15T20:00:00+00:00
aus,KXHIGHAUS-26JUL15,79.73736572265625,neuralcaster_v2,77.58599717795849,78.06073686289787,78.85589313960075,79.73736572265625,80.61883830571175,81.41399458241463,81.88873426735401,2026-07-15T21:00:00+00:00
aus,KXHIGHAUS-26JUL15,79.74954223632812,neuralcaster_v2,78.05,78.0764043879509,78.86990502119065,79.74954223632812,80.6291794514656,81.42268008470535,81.8964312851429,2026-07-15T22:00:00+00:00
aus,KXHIGHAUS-26JUL15,79.60791778564453,neuralcaster_v2,78.05,78.05,78.73186662054061,79.60791778564453,80.48396895074845,81.27423469018936,81.74605453133583,2026-07-15T23:00:00+00:00
aus,KXHIGHAUS-26JUL15,80.6,neuralcaster_v2,79.85,79.85,79.85,80.6,81.45813457393646,82.2322381658554,82.69440856695175,2026-07-16T00:00:00+00:00
aus,KXHIGHAUS-26JUL15,80.6,neuralcaster_v2,79.85,79.85,79.85,80.6,81.45023027110099,82.21720357203483,82.6751169079542,2026-07-16T01:00:00+00:00
aus,KXHIGHAUS-26JUL15,80.6,neuralcaster_v2,79.85,79.85,79.85,80.6,81.44676835727691,82.21061874485015,82.66666757822036,2026-07-16T02:00:00+00:00
aus,KXHIGHAUS-26JUL15,80.6,neuralcaster_v2,79.85,79.85,79.85,80.6,81.43950345635413,82.19680034279823,82.6489364773035,2026-07-16T03:00:00+00:00
aus,KXHIGHAUS-26JUL15,80.6,neuralcaster_v2,79.85,79.85,79.85,80.6,81.43741298651695,82.19282410788536,82.64383436620236,2026-07-16T04:00:00+00:00
aus,KXHIGHAUS-26JUL15,80.6,neuralcaster_v2,79.85,79.85,79.85,80.6,81.43194657421111,82.18242656993866,82.63049275159835,2026-07-16T05:00:00+00:00
den,KXHIGHDEN-26JUL15,93.20354461669922,neuralcaster_v2,90.9635766518116,91.45786745500564,92.28577050828933,93.20354461669922,94.1213187251091,94.9492217783928,95.44351258158684,2026-07-15T07:00:00+00:00
den,KXHIGHDEN-26JUL15,93.18562316894531,neuralcaster_v2,90.96864078521729,91.45785939025879,92.27726686096192,93.18562316894531,94.09397947692871,94.91338694763184,95.40260555267334,2026-07-15T08:00:00+00:00
den,KXHIGHDEN-26JUL15,93.20063781738281,neuralcaster_v2,90.95886377811432,91.45355312538148,92.28212371253967,93.20063781738281,94.11915192222595,94.94772250938415,95.4424118566513,2026-07-15T09:00:00+00:00
den,KXHIGHDEN-26JUL15,93.08745574951172,neuralcaster_v2,90.83869665384293,91.33492738437653,92.16607968235016,93.08745574951172,94.00883181667328,94.83998411464691,95.3362148451805,2026-07-15T10:00:00+00:00
den,KXHIGHDEN-26JUL15,93.09162902832031,neuralcaster_v2,90.84531529068947,91.34100640726089,92.17125488901138,93.09162902832031,94.01200316762925,94.84225164937973,95.33794276595115,2026-07-15T11:00:00+00:00
den,KXHIGHDEN-26JUL15,93.18017578125,neuralcaster_v2,90.93014243245125,91.4266543507576,92.25827761888505,93.18017578125,94.10207394361495,94.9336972117424,95.43020913004875,2026-07-15T12:00:00+00:00
den,KXHIGHDEN-26JUL15,93.23824310302734,neuralcaster_v2,90.97965551137924,91.47805508327484,92.31284004116058,93.23824310302734,94.1636461648941,94.99843112277985,95.49683069467545,2026-07-15T13:00:00+00:00
den,KXHIGHDEN-26JUL15,93.19692993164062,neuralcaster_v2,90.94061218917369,91.43851087641715,92.27245688700675,93.19692993164062,94.1214029762745,94.9553489868641,95.45324767410756,2026-07-15T14:00:00+00:00
den,KXHIGHDEN-26JUL15,93.0488510131836,neuralcaster_v2,90.81467778205871,91.307689868927,92.13345116043091,93.0488510131836,93.96425086593628,94.79001215744019,95.28302424430848,2026-07-15T15:00:00+00:00
den,KXHIGHDEN-26JUL15,92.9382553100586,neuralcaster_v2,90.73361600339413,91.2201108777523,92.03495628714562,92.9382553100586,93.84155433297157,94.65639974236488,95.14289461672305,2026-07-15T16:00:00+00:00
den,KXHIGHDEN-26JUL15,92.94799041748047,neuralcaster_v2,90.75443170070648,91.23848143577575,92.04923140525818,92.94799041748047,93.84674942970275,94.65749939918518,95.14154913425446,2026-07-15T17:00:00+00:00
den,KXHIGHDEN-26JUL15,92.87098693847656,neuralcaster_v2,90.7129994547367,91.18919973230362,91.98680240106583,92.87098693847656,93.7551714758873,94.5527741446495,95.02897442221642,2026-07-15T18:00:00+00:00
den,KXHIGHDEN-26JUL15,93.08924865722656,neuralcaster_v2,90.97576159119606,91.44214201974869,92.22329711771012,93.08924865722656,93.95520019674301,94.73635529470444,95.20273572325706,2026-07-15T19:00:00+00:00
den,KXHIGHDEN-26JUL15,92.66935729980469,neuralcaster_v2,90.56787837326527,91.03160898137092,91.8083258125782,92.66935729980469,93.53038878703117,94.30710561823845,94.7708362263441,2026-07-15T20:00:00+00:00
den,KXHIGHDEN-26JUL15,92.99213409423828,neuralcaster_v2,90.91858598053456,91.37615313267708,92.14254659962654,92.99213409423828,93.84172158885002,94.60811505579949,95.065682207942,2026-07-15T21:00:00+00:00
den,KXHIGHDEN-26JUL15,93.07715606689453,neuralcaster_v2,91.19,91.46875513744354,92.23155370616912,93.07715606689453,93.92275842761994,94.68555699634553,95.14097785234452,2026-07-15T22:00:00+00:00
den,KXHIGHDEN-26JUL15,93.0447006225586,neuralcaster_v2,91.19,91.43325355911254,92.1974967842102,93.0447006225586,93.89190446090699,94.65614768600464,95.11243105888367,2026-07-15T23:00:00+00:00
den,KXHIGHDEN-26JUL15,93.19296264648438,neuralcaster_v2,92.27,92.27,92.3415756187439,93.19296264648438,94.04434967422485,94.81236645889282,95.27090279579163,2026-07-16T00:00:00+00:00
den,KXHIGHDEN-26JUL15,93.13459777832031,neuralcaster_v2,92.27,92.27,92.28834155321121,93.13459777832031,93.98085400342941,94.74424240827561,95.20001541972161,2026-07-16T01:00:00+00:00
den,KXHIGHDEN-26JUL15,93.13392639160156,neuralcaster_v2,92.27,92.27,92.29614308547974,93.13392639160156,93.97170969772338,94.72745487594605,95.17866457939148,2026-07-16T02:00:00+00:00
den,KXHIGHDEN-26JUL15,93.13710021972656,neuralcaster_v2,92.27,92.27,92.30376653385163,93.13710021972656,93.9704339056015,94.72216518306732,95.17097842931747,2026-07-16T03:00:00+00:00
den,KXHIGHDEN-26JUL15,93.12384796142578,neuralcaster_v2,92.27,92.27,92.31453451156617,93.12384796142578,93.9331614112854,94.66322458267211,95.09910111427307,2026-07-16T04:00:00+00:00
den,KXHIGHDEN-26JUL15,93.1234359741211,neuralcaster_v2,92.27,92.27,92.3190461921692,93.1234359741211,93.92782575607299,94.65344739913941,95.08667216300964,2026-07-16T05:00:00+00:00
den,KXHIGHDEN-26JUL15,93.11930084228516,neuralcaster_v2,92.27,92.27,92.31927623581886,93.11930084228516,93.91932544875145,94.64100936675072,95.07188315331936,2026-07-16T06:00:00+00:00
la,KXHIGHLAX-26JUL15,81.8381118774414,neuralcaster_v2,79.50714874744415,80.0215193347931,80.88305464363098,81.8381118774414,82.79316911125183,83.65470442008971,84.16907500743866,2026-07-15T08:00:00+00:00
la,KXHIGHLAX-26JUL15,81.69158172607422,neuralcaster_v2,79.37612789213658,79.88707606339455,80.74287906098365,81.69158172607422,82.64028439116478,83.49608738875389,84.00703556001186,2026-07-15T09:00:00+00:00
la,KXHIGHLAX-26JUL15,81.5606460571289,neuralcaster_v2,79.2588409292698,79.76677725839615,80.61753562784195,81.5606460571289,82.50375648641587,83.35451485586167,83.86245118498802,2026-07-15T10:00:00+00:00
la,KXHIGHLAX-26JUL15,81.41679382324219,neuralcaster_v2,79.12248086452485,79.62876390647888,80.4767531337738,81.41679382324219,82.35683451271058,83.2048237400055,83.71110678195953,2026-07-15T11:00:00+00:00
la,KXHIGHLAX-26JUL15,81.75778198242188,neuralcaster_v2,79.45974921643734,79.96685310339927,80.8162171895504,81.75778198242188,82.69934677529335,83.54871086144448,84.0558147484064,2026-07-15T12:00:00+00:00
la,KXHIGHLAX-26JUL15,81.90918731689453,neuralcaster_v2,79.60854976415634,80.11622844600677,80.9665552740097,81.90918731689453,82.85181935977936,83.70214618778229,84.20982486963273,2026-07-15T13:00:00+00:00
la,KXHIGHLAX-26JUL15,82.28461456298828,neuralcaster_v2,79.9804187887907,80.48888265872002,81.34052462267876,82.28461456298828,83.2287045032978,84.08034646725655,84.58881033718586,2026-07-15T14:00:00+00:00
la,KXHIGHLAX-26JUL15,82.68510437011719,neuralcaster_v2,80.38990739583969,80.89638551235198,81.7447014760971,82.68510437011719,83.62550726413727,84.47382322788239,84.98030134439469,2026-07-15T15:00:00+00:00
la,KXHIGHLAX-26JUL15,82.43710327148438,neuralcaster_v2,80.15620193481445,80.65952545166016,81.50255767822266,82.43710327148438,83.37164886474609,84.21468109130859,84.7180046081543,2026-07-15T16:00:00+00:00
la,KXHIGHLAX-26JUL15,81.18998718261719,neuralcaster_v2,78.93231066823006,79.43050919389725,80.26495741319657,81.18998718261719,82.1150169520378,82.94946517133712,83.44766369700432,2026-07-15T17:00:00+00:00
la,KXHIGHLAX-26JUL15,81.12427520751953,neuralcaster_v2,78.88021602332591,79.37540963053704,80.20482481837273,81.12427520751953,82.04372559666633,82.87314078450203,83.36833439171315,2026-07-15T18:00:00+00:00
la,KXHIGHLAX-26JUL15,81.64497375488281,neuralcaster_v2,79.85,79.91726010322571,80.73664380073548,81.64497375488281,82.55330370903015,83.37268740653991,83.86189181804657,2026-07-15T19:00:00+00:00
la,KXHIGHLAX-26JUL15,80.89169311523438,neuralcaster_v2,79.85,79.85,80.00626488566398,80.89169311523438,81.77712134480477,82.5758459198475,83.05271601974964,2026-07-15T20:00:00+00:00
la,KXHIGHLAX-26JUL15,80.62242889404297,neuralcaster_v2,79.85,79.85,79.85,80.62242889404297,81.50043731355667,82.29246864748,82.76534261822701,2026-07-15T21:00:00+00:00
la,KXHIGHLAX-26JUL15,80.6,neuralcaster_v2,79.85,79.85,79.85,80.6,81.47388227653502,82.26219151115417,82.73284324169158,2026-07-15T22:00:00+00:00
la,KXHIGHLAX-26JUL15,80.6,neuralcaster_v2,79.85,79.85,79.85,80.6,81.47212878227234,82.2588562297821,82.72856357097625,2026-07-15T23:00:00+00:00
la,KXHIGHLAX-26JUL15,80.6,neuralcaster_v2,79.85,79.85,79.85,80.6,81.47887857818603,82.27169486236572,82.74503747940062,2026-07-16T00:00:00+00:00
la,KXHIGHLAX-26JUL15,80.6,neuralcaster_v2,79.85,79.85,79.85,80.6,81.47869763660431,82.27135069751739,82.74459586381911,2026-07-16T01:00:00+00:00
la,KXHIGHLAX-26JUL15,80.6,neuralcaster_v2,79.85,79.85,79.85,80.6,81.47190830993652,82.25843687438964,82.72802547454833,2026-07-16T02:00:00+00:00
la,KXHIGHLAX-26JUL15,80.6,neuralcaster_v2,79.85,79.85,79.85,80.6,81.46575806379317,82.24673863172531,82.7130148589611,2026-07-16T03:00:00+00:00
la,KXHIGHLAX-26JUL15,80.6,neuralcaster_v2,79.85,79.85,79.85,80.6,81.4492477068901,82.21533465909957,82.67271880984306,2026-07-16T04:00:00+00:00
la,KXHIGHLAX-26JUL15,80.6,neuralcaster_v2,79.85,79.85,79.85,80.6,81.44492334771155,82.2071093943119,82.66216455042361,2026-07-16T05:00:00+00:00
la,KXHIGHLAX-26JUL15,80.6,neuralcaster_v2,79.85,79.85,79.85,80.6,81.44340800213813,82.20422709012031,82.6584661179781,2026-07-16T06:00:00+00:00
la,KXHIGHLAX-26JUL15,80.6,neuralcaster_v2,79.85,79.85,79.85,80.6,81.44261136102676,82.20271181726456,82.65652179360389,2026-07-16T07:00:00+00:00
mia,KXHIGHMIA-26JUL15,93.71159362792969,neuralcaster_v2,91.44810512304306,91.94758617305756,92.78418253231048,93.71159362792969,94.6390047235489,95.47560108280182,95.97508213281631,2026-07-15T05:00:00+00:00
mia,KXHIGHMIA-26JUL15,93.84835052490234,neuralcaster_v2,91.63346130490304,92.12221801424026,92.94085184144974,93.84835052490234,94.75584920835495,95.57448303556443,96.06323974490165,2026-07-15T06:00:00+00:00
mia,KXHIGHMIA-26JUL15,93.838134765625,neuralcaster_v2,91.64564675092697,92.12946021556854,92.93981444835663,93.838134765625,94.73645508289337,95.54680931568146,96.03062278032303,2026-07-15T07:00:00+00:00
mia,KXHIGHMIA-26JUL15,93.84577178955078,neuralcaster_v2,91.66993887901306,92.15007708358765,92.95427550888061,93.84577178955078,94.73726807022095,95.54146649551392,96.0216047000885,2026-07-15T08:00:00+00:00
mia,KXHIGHMIA-26JUL15,93.93592071533203,neuralcaster_v2,91.76897286713124,92.24715041661263,93.04806487965584,93.93592071533203,94.82377655100822,95.62469101405144,96.10286856353282,2026-07-15T09:00:00+00:00
mia,KXHIGHMIA-26JUL15,93.91632843017578,neuralcaster_v2,91.75466839909554,92.23167909288406,93.03063915300369,93.91632843017578,94.80201770734787,95.6009777674675,96.07798846125603,2026-07-15T10:00:00+00:00
mia,KXHIGHMIA-26JUL15,93.8985366821289,neuralcaster_v2,91.74766328811646,92.22229370880127,93.01726697540283,93.8985366821289,94.77980638885498,95.57477965545654,96.04941007614136,2026-07-15T11:00:00+00:00
mia,KXHIGHMIA-26JUL15,93.7335433959961,neuralcaster_v2,91.59281009972095,92.06520291829109,92.85642835545539,93.7335433959961,94.6106584365368,95.4018838737011,95.87427669227124,2026-07-15T12:00:00+00:00
mia,KXHIGHMIA-26JUL15,93.63141632080078,neuralcaster_v2,91.49568296790123,91.96697245550156,92.75634988927841,93.63141632080078,94.50648275232315,95.2958601861,95.76714967370033,2026-07-15T13:00:00+00:00
mia,KXHIGHMIA-26JUL15,93.63655853271484,neuralcaster_v2,91.51446819901466,91.98274709939956,92.7670820069313,93.63655853271484,94.50603505849838,95.29036996603013,95.75864886641503,2026-07-15T14:00:00+00:00
mia,KXHIGHMIA-26JUL15,93.56615447998047,neuralcaster_v2,91.45260681927203,91.91900061917305,92.70017811322212,93.56615447998047,94.43213084673881,95.21330834078789,95.6797021406889,2026-07-15T15:00:00+00:00
mia,KXHIGHMIA-26JUL15,93.65309143066406,neuralcaster_v2,91.555579200387,92.01843448281288,92.79368520379066,93.65309143066406,94.51249765753747,95.28774837851525,95.75060366094112,2026-07-15T16:00:00+00:00
mia,KXHIGHMIA-26JUL15,93.87682342529297,neuralcaster_v2,91.78274508953095,92.24484261894226,93.0188241558075,93.87682342529297,94.73482269477844,95.50880423164368,95.97090176105499,2026-07-15T17:00:00+00:00
mia,KXHIGHMIA-26JUL15,93.8072738647461,neuralcaster_v2,92.45,92.45,92.95354391670227,93.8072738647461,94.66100381278991,95.43113409233094,95.89093226909637,2026-07-15T18:00:00+00:00
mia,KXHIGHMIA-26JUL15,93.58088684082031,neuralcaster_v2,92.45,92.45,92.72806883192062,93.58088684082031,94.43370484972,95.20301248979568,95.6623195183277,2026-07-15T19:00:00+00:00
mia,KXHIGHMIA-26JUL15,93.68697357177734,neuralcaster_v2,92.45,92.45,92.83891178750991,93.68697357177734,94.53503535604477,95.30005251455307,95.75679795622825,2026-07-15T20:00:00+00:00
mia,KXHIGHMIA-26JUL15,93.2,neuralcaster_v2,92.45,92.45,92.45,93.2,94.04587345170975,94.80891656541824,95.26448342442512,2026-07-15T21:00:00+00:00
mia,KXHIGHMIA-26JUL15,93.87274932861328,neuralcaster_v2,92.45,92.45,93.0294508395195,93.87274932861328,94.71604781770706,95.47676811647415,95.93094816327095,2026-07-15T22:00:00+00:00
mia,KXHIGHMIA-26JUL15,93.86321258544922,neuralcaster_v2,92.45,92.45,93.02441096067429,93.86321258544922,94.70201421022415,95.45867799043656,95.91043613553047,2026-07-15T23:00:00+00:00
mia,KXHIGHMIA-26JUL15,93.89048767089844,neuralcaster_v2,92.45,92.45,93.0534082853794,93.89048767089844,94.72756705641747,95.48267724394799,95.93350783288479,2026-07-16T00:00:00+00:00
mia,KXHIGHMIA-26JUL15,93.893798828125,neuralcaster_v2,92.45,92.45,93.06472064399719,93.893798828125,94.72287701225281,95.47076949882508,95.91729083538056,2026-07-16T01:00:00+00:00
mia,KXHIGHMIA-26JUL15,93.90434265136719,neuralcaster_v2,92.45,92.45,93.08740346193314,93.90434265136719,94.72128184080124,95.45822401762008,95.89820758700371,2026-07-16T02:00:00+00:00
mia,KXHIGHMIA-26JUL15,93.90491485595703,neuralcaster_v2,92.45,92.45,93.09550643587113,93.90491485595703,94.71432327604293,95.44447211790084,95.88039979815483,2026-07-16T03:00:00+00:00
mia,KXHIGHMIA-26JUL15,93.89961242675781,neuralcaster_v2,92.45,92.45,93.0970661277771,93.89961242675781,94.70215872573853,95.42611740493774,95.85834931373596,2026-07-16T04:00:00+00:00
nyc,KXHIGHNY-26JUL15,97.32449340820312,neuralcaster_v2,95.06845981359481,95.5662957983017,96.40013678646088,97.32449340820312,98.24885002994537,99.08269101810455,99.58052700281144,2026-07-15T05:00:00+00:00
nyc,KXHIGHNY-26JUL15,97.31304931640625,neuralcaster_v2,95.10027522325515,95.58856519031525,96.40641725635528,97.31304931640625,98.21968137645722,99.03753344249725,99.52582340955735,2026-07-15T06:00:00+00:00
nyc,KXHIGHNY-26JUL15,97.19889068603516,neuralcaster_v2,94.99581566333771,95.48196534919738,96.29623259162904,97.19889068603516,98.10154878044128,98.91581602287293,99.4019657087326,2026-07-15T07:00:00+00:00
nyc,KXHIGHNY-26JUL15,96.95152282714844,neuralcaster_v2,94.77075135231019,95.2519793434143,96.05800308609008,96.95152282714844,97.8450425682068,98.65106631088257,99.13229430198669,2026-07-15T08:00:00+00:00
nyc,KXHIGHNY-26JUL15,96.84830474853516,neuralcaster_v2,94.67174666285514,95.15204489088059,95.95651134443283,96.84830474853516,97.74009815263749,98.54456460618972,99.02486283421517,2026-07-15T09:00:00+00:00
nyc,KXHIGHNY-26JUL15,96.91264343261719,neuralcaster_v2,94.7378973042965,95.21779569005966,96.02159243535995,96.91264343261719,97.80369442987443,98.60749117517472,99.08738956093788,2026-07-15T10:00:00+00:00
nyc,KXHIGHNY-26JUL15,96.86915588378906,neuralcaster_v2,94.69450976610183,95.17438608264924,95.97814586353302,96.86915588378906,97.76016590404511,98.56392568492889,99.0438020014763,2026-07-15T11:00:00+00:00
nyc,KXHIGHNY-26JUL15,96.84851837158203,neuralcaster_v2,94.67186537384987,95.1521845459938,95.9566860795021,96.84851837158203,97.74035066366196,98.54485219717026,99.0251713693142,2026-07-15T12:00:00+00:00
nyc,KXHIGHNY-26JUL15,96.82384490966797,neuralcaster_v2,94.64612356305122,95.1266784863472,95.93157488679886,96.82384490966797,97.71611493253708,98.52101133298873,99.00156625628472,2026-07-15T13:00:00+00:00
nyc,KXHIGHNY-26JUL15,96.88328552246094,neuralcaster_v2,94.7160201895237,95.19426779794694,95.99529960489274,96.88328552246094,97.77127144002914,98.57230324697494,99.05055085539817,2026-07-15T14:00:00+00:00
nyc,KXHIGHNY-26JUL15,96.7261962890625,neuralcaster_v2,94.55175568342209,95.03158664989472,95.83527047252655,96.7261962890625,97.61712210559845,98.42080592823028,98.90063689470291,2026-07-15T15:00:00+00:00
nyc,KXHIGHNY-26JUL15,96.83963012695312,neuralcaster_v2,94.68113749146461,95.15744924020767,95.95523861551285,96.83963012695312,97.7240216383934,98.52181101369858,98.99812276244164,2026-07-15T16:00:00+00:00
nyc,KXHIGHNY-26JUL15,96.85468292236328,neuralcaster_v2,94.72178045868874,95.19244525766372,95.98077638101577,96.85468292236328,97.72858946371079,98.51692058706284,98.98758538603782,2026-07-15T17:00:00+00:00
nyc,KXHIGHNY-26JUL15,96.24285125732422,neuralcaster_v2,94.25,94.60432795667649,95.38141233015061,96.24285125732422,97.10429018449783,97.88137455797195,98.34532460331917,2026-07-15T18:00:00+00:00
nyc,KXHIGHNY-26JUL15,95.95671081542969,neuralcaster_v2,94.25,94.3354617781639,95.1043536772728,95.95671081542969,96.80906795358658,97.57795985269547,98.03701866745949,2026-07-15T19:00:00+00:00
nyc,KXHIGHNY-26JUL15,95.84212493896484,neuralcaster_v2,94.25,94.25,94.99151213550567,95.84212493896484,96.69273774242401,97.4600561170578,97.91817547559738,2026-07-15T20:00:00+00:00
nyc,KXHIGHNY-26JUL15,95.55148315429688,neuralcaster_v2,94.25,94.25,94.70077795171737,95.55148315429688,96.40218835687638,97.16959008264541,97.62775920510292,2026-07-15T21:00:00+00:00
nyc,KXHIGHNY-26JUL15,95.34479522705078,neuralcaster_v2,94.25,94.25,94.49779547023773,95.34479522705078,96.19179498386383,96.95585411167144,97.41202757120132,2026-07-15T22:00:00+00:00
nyc,KXHIGHNY-26JUL15,95.0,neuralcaster_v2,94.25,94.25,94.25,95.0,95.8440813908577,96.60550792741776,97.06010962605477,2026-07-15T23:00:00+00:00
nyc,KXHIGHNY-26JUL15,95.0,neuralcaster_v2,94.25,94.25,94.25,95.0,95.84461489534378,96.60652269411086,97.06141172528267,2026-07-16T00:00:00+00:00
nyc,KXHIGHNY-26JUL15,95.0,neuralcaster_v2,94.25,94.25,94.25,95.0,95.80627729511261,96.53360162067413,96.9678429532051,2026-07-16T01:00:00+00:00
nyc,KXHIGHNY-26JUL15,95.0,neuralcaster_v2,94.25,94.25,94.25,95.0,95.79744771552086,96.51680707907677,96.94629301488399,2026-07-16T02:00:00+00:00
nyc,KXHIGHNY-26JUL15,95.0,neuralcaster_v2,94.25,94.25,94.25,95.0,95.79473383283616,96.51164506483077,96.93966936945915,2026-07-16T03:00:00+00:00
nyc,KXHIGHNY-26JUL15,95.0,neuralcaster_v2,94.25,94.25,94.25,95.0,95.79289661693574,96.50815053844453,96.93518536329269,2026-07-16T04:00:00+00:00
okc,KXHIGHTOKC-26JUL15,88.75547790527344,neuralcaster_v2,86.48623604357243,86.98698667931556,87.82570950722695,88.75547790527344,89.68524630331993,90.52396913123131,91.02471976697444,2026-07-15T06:00:00+00:00
okc,KXHIGHTOKC-26JUL15,88.71495056152344,neuralcaster_v2,86.46208632349968,86.95922293043137,87.79189250898361,88.71495056152344,89.63800861406327,90.47067819261551,90.9678147995472,2026-07-15T07:00:00+00:00
okc,KXHIGHTOKC-26JUL15,88.92375183105469,neuralcaster_v2,86.69769338428974,87.18891479229927,88.01167682003975,88.92375183105469,89.83582684206962,90.6585888698101,91.14981027781964,2026-07-15T08:00:00+00:00
okc,KXHIGHTOKC-26JUL15,88.92084503173828,neuralcaster_v2,86.69497660517692,87.18615608167649,88.0088478770256,88.92084503173828,89.83284218645096,90.65553398180008,91.14671345829964,2026-07-15T09:00:00+00:00
okc,KXHIGHTOKC-26JUL15,88.90292358398438,neuralcaster_v2,86.67576168656349,87.16722659158707,87.9903964600563,88.90292358398438,89.81545070791245,90.63862057638168,91.13008548140526,2026-07-15T10:00:00+00:00
okc,KXHIGHTOKC-26JUL15,89.03504943847656,neuralcaster_v2,86.80665211558342,87.29838964033127,88.12201612806321,89.03504943847656,89.94808274888992,90.77170923662186,91.2634467613697,2026-07-15T11:00:00+00:00
okc,KXHIGHTOKC-26JUL15,89.1923828125,neuralcaster_v2,86.96953745245933,87.46004983282089,88.28162428808213,89.1923828125,90.10314133691787,90.92471579217911,91.41522817254067,2026-07-15T12:00:00+00:00
okc,KXHIGHTOKC-26JUL15,89.11477661132812,neuralcaster_v2,86.89363888382911,87.38377444314956,88.2047177491188,89.11477661132812,90.02483547353745,90.84577877950669,91.33591433882714,2026-07-15T13:00:00+00:00
okc,KXHIGHTOKC-26JUL15,89.23007202148438,neuralcaster_v2,87.02328209400177,87.51025154304504,88.32589183235169,89.23007202148438,90.13425221061706,90.9498924999237,91.43686194896698,2026-07-15T14:00:00+00:00
okc,KXHIGHTOKC-26JUL15,89.29286193847656,neuralcaster_v2,87.10495480298997,87.58775741100311,88.39641852855682,89.29286193847656,90.1893053483963,90.99796646595001,91.48076907396316,2026-07-15T15:00:00+00:00
okc,KXHIGHTOKC-26JUL15,89.29789733886719,neuralcaster_v2,87.13523720145226,87.61246858739852,88.4117982916832,89.29789733886719,90.18399638605118,90.98332609033585,91.46055747628212,2026-07-15T16:00:00+00:00
okc,KXHIGHTOKC-26JUL15,89.41886901855469,neuralcaster_v2,87.2712004750967,87.74512368559837,88.53891242384911,89.41886901855469,90.29882561326026,91.092614351511,91.56653756201267,2026-07-15T17:00:00+00:00
okc,KXHIGHTOKC-26JUL15,87.8,neuralcaster_v2,87.05,87.05,87.05,87.8,88.6604799849987,89.43669931864738,89.9001329010725,2026-07-15T18:00:00+00:00
okc,KXHIGHTOKC-26JUL15,87.8,neuralcaster_v2,87.05,87.05,87.05,87.8,88.65442045068741,89.42517361688614,89.88534368157387,2026-07-15T19:00:00+00:00
okc,KXHIGHTOKC-26JUL15,87.8,neuralcaster_v2,87.05,87.05,87.05,87.8,88.64982853579521,89.41643944048882,89.87413641154765,2026-07-15T20:00:00+00:00
okc,KXHIGHTOKC-26JUL15,87.8,neuralcaster_v2,87.05,87.05,87.05,87.8,88.6563654923439,89.42887323617934,89.89009085297585,2026-07-15T21:00:00+00:00
okc,KXHIGHTOKC-26JUL15,87.8,neuralcaster_v2,87.05,87.05,87.05,87.8,88.6502608833313,89.41726179885865,89.87519162178039,2026-07-15T22:00:00+00:00
okc,KXHIGHTOKC-26JUL15,87.8,neuralcaster_v2,87.05,87.05,87.05,87.8,88.64684950780868,89.41077309942246,89.86686563849449,2026-07-15T23:00:00+00:00
okc,KXHIGHTOKC-26JUL15,87.8,neuralcaster_v2,87.05,87.05,87.05,87.8,88.6459897942543,89.40913785791396,89.86476737618446,2026-07-16T00:00:00+00:00
okc,KXHIGHTOKC-26JUL15,87.8,neuralcaster_v2,87.05,87.05,87.05,87.8,88.64655479478836,89.41021253252029,89.86614634633064,2026-07-16T01:00:00+00:00
okc,KXHIGHTOKC-26JUL15,87.8,neuralcaster_v2,87.05,87.05,87.05,87.8,88.62431312131882,89.36790715360641,89.81186214327812,2026-07-16T02:00:00+00:00
okc,KXHIGHTOKC-26JUL15,87.8,neuralcaster_v2,87.05,87.05,87.05,87.8,88.61579552936554,89.35170603656769,89.79107365846633,2026-07-16T03:00:00+00:00
okc,KXHIGHTOKC-26JUL15,87.8,neuralcaster_v2,87.05,87.05,87.05,87.8,88.60326026296616,89.32786299276351,89.76047942519187,2026-07-16T04:00:00+00:00
okc,KXHIGHTOKC-26JUL15,87.8,neuralcaster_v2,87.05,87.05,87.05,87.8,88.60876411700248,89.33833174777031,89.77391242206096,2026-07-16T05:00:00+00:00
aus,KXHIGHAUS-26JUL16,87.32606506347656,neuralcaster_v2,84.75237887144088,85.32031083965302,86.27155777263641,87.32606506347656,88.38057235431671,89.3318192873001,89.89975125551224,2026-07-16T06:00:00+00:00
aus,KXHIGHAUS-26JUL16,87.49446868896484,neuralcaster_v2,84.87061657488346,85.44961859154701,86.41940709328651,87.49446868896484,88.56953028464318,89.53931878638268,90.11832080304623,2026-07-16T07:00:00+00:00
aus,KXHIGHAUS-26JUL16,87.52552795410156,neuralcaster_v2,84.94182599127292,85.51196812653542,86.46691693711281,87.52552795410156,88.58413897109031,89.5390877816677,90.1092299169302,2026-07-16T08:00:00+00:00
aus,KXHIGHAUS-26JUL16,87.691162109375,neuralcaster_v2,85.12150713026523,85.68854953598976,86.63830651307106,87.691162109375,88.74401770567894,89.69377468276024,90.26081708848477,2026-07-16T09:00:00+00:00
aus,KXHIGHAUS-26JUL16,87.73072052001953,neuralcaster_v2,85.18820195555686,85.74925620412827,86.68898343038559,87.73072052001953,88.77245760965347,89.71218483591079,90.2732390844822,2026-07-16T10:00:00+00:00
aus,KXHIGHAUS-26JUL16,87.724365234375,neuralcaster_v2,85.18755884587765,85.74735259604454,86.6849685742855,87.724365234375,88.7637618944645,89.70137787270546,90.26117162287235,2026-07-16T11:00:00+00:00
aus,KXHIGHAUS-26JUL16,88.03068542480469,neuralcaster_v2,85.50536633610726,86.06262519884109,86.99599541521073,88.03068542480469,89.06537543439865,89.99874565076829,90.55600451350212,2026-07-16T12:00:00+00:00
aus,KXHIGHAUS-26JUL16,88.33238983154297,neuralcaster_v2,85.84134497523308,86.39104058790207,87.31174288129806,88.33238983154297,89.35303678178788,90.27373907518387,90.82343468785285,2026-07-16T13:00:00+00:00
aus,KXHIGHAUS-26JUL16,88.13912200927734,neuralcaster_v2,85.71813087582588,86.25236782503129,87.147177921772,88.13912200927734,89.13106609678269,90.0258761935234,90.56011314272881,2026-07-16T14:00:00+00:00
aus,KXHIGHAUS-26JUL16,87.9144058227539,neuralcaster_v2,85.5278305053711,86.05447296142579,86.93656280517578,87.9144058227539,88.89224884033203,89.77433868408202,90.30098114013671,2026-07-16T15:00:00+00:00
aus,KXHIGHAUS-26JUL16,87.89278411865234,neuralcaster_v2,85.66776558637619,86.15875751781464,86.98113518810273,87.89278411865234,88.80443304920196,89.62681071949005,90.1178026509285,2026-07-16T16:00:00+00:00
aus,KXHIGHAUS-26JUL16,87.79471588134766,neuralcaster_v2,85.65507583856582,86.12722741031646,86.91804877567291,87.79471588134766,88.6713829870224,89.46220435237885,89.93435592412949,2026-07-16T17:00:00+00:00
aus,KXHIGHAUS-26JUL16,88.4594955444336,neuralcaster_v2,86.50177288293838,86.93378098392486,87.65736480045318,88.4594955444336,89.261626288414,89.98521010494233,90.4172182059288,2026-07-16T18:00:00+00:00
aus,KXHIGHAUS-26JUL16,90.06959533691406,neuralcaster_v2,88.38536920547486,88.75702518463135,89.37952335357666,90.06959533691406,90.75966732025147,91.38216548919678,91.75382146835327,2026-07-16T19:00:00+00:00
aus,KXHIGHAUS-26JUL16,90.33604431152344,neuralcaster_v2,88.85,89.05404431152344,89.66204431152343,90.33604431152344,91.01004431152344,91.61804431152343,91.98104431152343,2026-07-16T20:00:00+00:00
aus,KXHIGHAUS-26JUL16,89.76629638671875,neuralcaster_v2,88.85,88.85,89.09229638671874,89.76629638671875,90.44029638671876,91.04829638671875,91.41129638671875,2026-07-16T21:00:00+00:00
aus,KXHIGHAUS-26JUL16,90.17719268798828,neuralcaster_v2,88.85,88.89519268798828,89.50319268798827,90.17719268798828,90.85119268798829,91.45919268798828,91.82219268798828,2026-07-16T22:00:00+00:00
aus,KXHIGHAUS-26JUL16,90.1104965209961,neuralcaster_v2,88.85,88.85,89.43649652099609,90.1104965209961,90.7844965209961,91.39249652099609,91.75549652099609,2026-07-16T23:00:00+00:00
aus,KXHIGHAUS-26JUL16,90.09052276611328,neuralcaster_v2,88.85,88.85,89.41652276611327,90.09052276611328,90.76452276611329,91.37252276611328,91.73552276611328,2026-07-17T00:00:00+00:00
aus,KXHIGHAUS-26JUL16,90.07763671875,neuralcaster_v2,88.85,88.85,89.40363671875,90.07763671875,90.75163671875,91.35963671875,91.72263671875,2026-07-17T01:00:00+00:00
aus,KXHIGHAUS-26JUL16,90.08914947509766,neuralcaster_v2,88.85,88.85,89.41514947509765,90.08914947509766,90.76314947509766,91.37114947509765,91.73414947509765,2026-07-17T02:00:00+00:00
aus,KXHIGHAUS-26JUL16,90.1061782836914,neuralcaster_v2,88.85,88.85,89.4321782836914,90.1061782836914,90.78017828369141,91.3881782836914,91.7511782836914,2026-07-17T03:00:00+00:00
aus,KXHIGHAUS-26JUL16,90.10720825195312,neuralcaster_v2,88.85,88.85,89.43320825195312,90.10720825195312,90.78120825195313,91.38920825195312,91.75220825195312,2026-07-17T04:00:00+00:00
aus,KXHIGHAUS-26JUL16,90.10733032226562,neuralcaster_v2,88.85,88.85,89.43333032226562,90.10733032226562,90.78133032226563,91.38933032226562,91.75233032226562,2026-07-17T05:00:00+00:00
den,KXHIGHDEN-26JUL16,92.2773666381836,neuralcaster_v2,89.7438070654869,90.30288434505462,91.23930028438568,92.2773666381836,93.31543299198151,94.25184893131257,94.81092621088028,2026-07-16T07:00:00+00:00
den,KXHIGHDEN-26JUL16,92.31310272216797,neuralcaster_v2,89.77149013638497,90.33234446382522,91.27173683595657,92.31310272216797,93.35446860837936,94.29386098051071,94.85471530795097,2026-07-16T08:00:00+00:00
den,KXHIGHDEN-26JUL16,92.21424865722656,neuralcaster_v2,89.59638698399067,90.1740670979023,91.14164150357246,92.21424865722656,93.28685581088067,94.25443021655083,94.83211033046246,2026-07-16T09:00:00+00:00
den,KXHIGHDEN-26JUL16,92.16314697265625,neuralcaster_v2,89.52126764774323,90.1042477054596,91.0806991519928,92.16314697265625,93.2455947933197,94.2220462398529,94.80502629756927,2026-07-16T10:00:00+00:00
den,KXHIGHDEN-26JUL16,92.14823150634766,neuralcaster_v2,89.49792854070664,90.08276743221283,91.06233229732513,92.14823150634766,93.23413071537018,94.21369558048248,94.79853447198867,2026-07-16T11:00:00+00:00
den,KXHIGHDEN-26JUL16,92.24494934082031,neuralcaster_v2,89.58132927298546,90.16910683202744,91.1535937628746,92.24494934082031,93.33630491876602,94.32079184961319,94.90856940865517,2026-07-16T12:00:00+00:00
den,KXHIGHDEN-26JUL16,92.28508758544922,neuralcaster_v2,89.61798871636391,90.20653393793106,91.19230665063859,92.28508758544922,93.37786852025985,94.36364123296738,94.95218645453453,2026-07-16T13:00:00+00:00
den,KXHIGHDEN-26JUL16,92.18846893310547,neuralcaster_v2,89.52836570978165,90.11536721134186,91.09855429935455,92.18846893310547,93.27838356685639,94.26157065486908,94.84857215642928,2026-07-16T14:00:00+00:00
den,KXHIGHDEN-26JUL16,91.90843200683594,neuralcaster_v2,89.26298642039299,89.8467534403801,90.82452299451828,91.90843200683594,92.9923410191536,93.97011057329178,94.55387759327888,2026-07-16T15:00:00+00:00
den,KXHIGHDEN-26JUL16,91.95039367675781,neuralcaster_v2,89.32259055435658,89.90246443486214,90.87371324849128,91.95039367675781,93.02707410502434,93.99832291865349,94.57819679915904,2026-07-16T16:00:00+00:00
den,KXHIGHDEN-26JUL16,91.87577819824219,neuralcaster_v2,89.30363177776337,89.8712239665985,90.82190179252625,91.87577819824219,92.92965460395813,93.88033242988587,94.447924618721,2026-07-16T17:00:00+00:00
den,KXHIGHDEN-26JUL16,92.00037384033203,neuralcaster_v2,89.60976181924343,90.13729504942894,91.02087687849999,92.00037384033203,92.97987080216407,93.86345263123512,94.39098586142063,2026-07-16T18:00:00+00:00
den,KXHIGHDEN-26JUL16,91.78223419189453,neuralcaster_v2,89.77668232738972,90.21924483609199,90.96050655865669,91.78223419189453,92.60396182513237,93.34522354769707,93.78778605639934,2026-07-16T19:00:00+00:00
den,KXHIGHDEN-26JUL16,91.65167236328125,neuralcaster_v2,89.80758256793023,90.21451545286179,90.89610000944137,91.65167236328125,92.40724471712113,93.08882927370071,93.49576215863227,2026-07-16T20:00:00+00:00
den,KXHIGHDEN-26JUL16,92.3752212524414,neuralcaster_v2,90.67687989473343,91.05165066242218,91.67936588764191,92.3752212524414,93.0710766172409,93.69879184246064,94.07356261014938,2026-07-16T21:00:00+00:00
den,KXHIGHDEN-26JUL16,92.96001434326172,neuralcaster_v2,91.31501434326172,91.67801434326172,92.28601434326171,92.96001434326172,93.63401434326173,94.24201434326172,94.60501434326171,2026-07-16T22:00:00+00:00
den,KXHIGHDEN-26JUL16,93.16615295410156,neuralcaster_v2,91.52115295410157,91.88415295410157,92.49215295410156,93.16615295410156,93.84015295410157,94.44815295410156,94.81115295410156,2026-07-16T23:00:00+00:00
den,KXHIGHDEN-26JUL16,93.07405853271484,neuralcaster_v2,91.42905853271485,91.79205853271485,92.40005853271484,93.07405853271484,93.74805853271485,94.35605853271484,94.71905853271484,2026-07-17T00:00:00+00:00
den,KXHIGHDEN-26JUL16,92.99735260009766,neuralcaster_v2,91.35235260009766,91.71535260009766,92.32335260009765,92.99735260009766,93.67135260009766,94.27935260009765,94.64235260009765,2026-07-17T01:00:00+00:00
den,KXHIGHDEN-26JUL16,92.96051788330078,neuralcaster_v2,91.31551788330079,91.67851788330078,92.28651788330077,92.96051788330078,93.63451788330079,94.24251788330078,94.60551788330078,2026-07-17T02:00:00+00:00
den,KXHIGHDEN-26JUL16,92.96815490722656,neuralcaster_v2,91.32315490722657,91.68615490722657,92.29415490722656,92.96815490722656,93.64215490722657,94.25015490722656,94.61315490722656,2026-07-17T03:00:00+00:00
den,KXHIGHDEN-26JUL16,92.97594451904297,neuralcaster_v2,91.33094451904297,91.69394451904297,92.30194451904296,92.97594451904297,93.64994451904298,94.25794451904297,94.62094451904296,2026-07-17T04:00:00+00:00
den,KXHIGHDEN-26JUL16,92.9859848022461,neuralcaster_v2,91.3409848022461,91.7039848022461,92.31198480224609,92.9859848022461,93.6599848022461,94.26798480224609,94.63098480224609,2026-07-17T05:00:00+00:00
den,KXHIGHDEN-26JUL16,92.98762512207031,neuralcaster_v2,91.34262512207032,91.70562512207032,92.3136251220703,92.98762512207031,93.66162512207032,94.26962512207031,94.63262512207031,2026-07-17T06:00:00+00:00
la,KXHIGHLAX-26JUL16,82.41209411621094,neuralcaster_v2,79.91850467562675,80.4687617983818,81.39040458250045,82.41209411621094,83.43378364992142,84.35542643404007,84.90568355679513,2026-07-16T08:00:00+00:00
la,KXHIGHLAX-26JUL16,82.39915466308594,neuralcaster_v2,79.86715407967567,80.42588733911515,81.36172706842423,82.39915466308594,83.43658225774765,84.37242198705673,84.9311552464962,2026-07-16T09:00:00+00:00
la,KXHIGHLAX-26JUL16,82.490478515625,neuralcaster_v2,79.95187585771083,80.51206598830223,81.4503458764553,82.490478515625,83.5306111547947,84.46889104294777,85.02908117353917,2026-07-16T10:00:00+00:00
la,KXHIGHLAX-26JUL16,82.7156982421875,neuralcaster_v2,80.19735793471337,80.75307679891586,81.683867623806,82.7156982421875,83.747528860569,84.67831968545914,85.23403854966163,2026-07-16T11:00:00+00:00
la,KXHIGHLAX-26JUL16,82.59683227539062,neuralcaster_v2,80.12436253130436,80.66995919823647,81.58379603981972,82.59683227539062,83.60986851096153,84.52370535254478,85.0693020194769,2026-07-16T12:00:00+00:00
la,KXHIGHLAX-26JUL16,82.61882781982422,neuralcaster_v2,80.18805780351163,80.72445264601707,81.62287706542016,82.61882781982422,83.61477857422828,84.51320299363137,85.04959783613681,2026-07-16T13:00:00+00:00
la,KXHIGHLAX-26JUL16,82.62899780273438,neuralcaster_v2,80.16782592654228,80.71092950773239,81.62059060239793,82.62899780273438,83.63740500307082,84.54706609773636,85.09016967892647,2026-07-16T14:00:00+00:00
la,KXHIGHLAX-26JUL16,82.95523071289062,neuralcaster_v2,80.53810391187668,81.07148812389374,81.96486994457244,82.95523071289062,83.94559148120881,84.8389733018875,85.37235751390457,2026-07-16T15:00:00+00:00
la,KXHIGHLAX-26JUL16,83.08519744873047,neuralcaster_v2,80.79169359564781,81.29779809331895,82.14548827123642,83.08519744873047,84.02490662622452,84.87259680414199,85.37870130181312,2026-07-16T16:00:00+00:00
la,KXHIGHLAX-26JUL16,83.80673217773438,neuralcaster_v2,81.73925627827644,82.19548348283767,82.95963262987136,83.80673217773438,84.65383172559739,85.41798087263108,85.8742080771923,2026-07-16T17:00:00+00:00
la,KXHIGHLAX-26JUL16,83.6876449584961,neuralcaster_v2,81.88296543180942,82.2812017042637,82.94822003388404,83.6876449584961,84.42706988310815,85.0940882127285,85.49232448518276,2026-07-16T18:00:00+00:00
la,KXHIGHLAX-26JUL16,83.40636444091797,neuralcaster_v2,81.76136444091797,82.12436444091797,82.73236444091796,83.40636444091797,84.08036444091798,84.68836444091797,85.05136444091796,2026-07-16T19:00:00+00:00
la,KXHIGHLAX-26JUL16,84.22747039794922,neuralcaster_v2,83.45,83.45,83.55347039794921,84.22747039794922,84.90147039794923,85.50947039794922,85.87247039794921,2026-07-16T20:00:00+00:00
la,KXHIGHLAX-26JUL16,84.2,neuralcaster_v2,83.45,83.45,83.526,84.2,84.87400000000001,85.482,85.845,2026-07-16T21:00:00+00:00
la,KXHIGHLAX-26JUL16,84.2,neuralcaster_v2,83.45,83.45,83.526,84.2,84.87400000000001,85.482,85.845,2026-07-16T22:00:00+00:00
la,KXHIGHLAX-26JUL16,84.2,neuralcaster_v2,83.45,83.45,83.526,84.2,84.87400000000001,85.482,85.845,2026-07-16T23:00:00+00:00
la,KXHIGHLAX-26JUL16,84.2,neuralcaster_v2,83.45,83.45,83.526,84.2,84.87400000000001,85.482,85.845,2026-07-17T00:00:00+00:00
la,KXHIGHLAX-26JUL16,84.2,neuralcaster_v2,83.45,83.45,83.526,84.2,84.87400000000001,85.482,85.845,2026-07-17T01:00:00+00:00
la,KXHIGHLAX-26JUL16,84.2,neuralcaster_v2,83.45,83.45,83.526,84.2,84.87400000000001,85.482,85.845,2026-07-17T02:00:00+00:00
la,KXHIGHLAX-26JUL16,84.2,neuralcaster_v2,83.45,83.45,83.526,84.2,84.87400000000001,85.482,85.845,2026-07-17T03:00:00+00:00
la,KXHIGHLAX-26JUL16,84.2,neuralcaster_v2,83.45,83.45,83.526,84.2,84.87400000000001,85.482,85.845,2026-07-17T04:00:00+00:00
la,KXHIGHLAX-26JUL16,84.2,neuralcaster_v2,83.45,83.45,83.526,84.2,84.87400000000001,85.482,85.845,2026-07-17T05:00:00+00:00
la,KXHIGHLAX-26JUL16,84.2,neuralcaster_v2,83.45,83.45,83.526,84.2,84.87400000000001,85.482,85.845,2026-07-17T06:00:00+00:00
la,KXHIGHLAX-26JUL16,84.2,neuralcaster_v2,83.45,83.45,83.526,84.2,84.87400000000001,85.482,85.845,2026-07-17T07:00:00+00:00
mia,KXHIGHMIA-26JUL16,94.64960479736328,neuralcaster_v2,92.256574087739,92.78464104676246,93.66911683487892,94.64960479736328,95.63009275984764,96.5145685479641,97.04263550698757,2026-07-16T05:00:00+00:00
mia,KXHIGHMIA-26JUL16,94.79292297363281,neuralcaster_v2,92.30096194148064,92.85085972547532,93.77190064191818,94.79292297363281,95.81394530534745,96.73498622179031,97.28488400578499,2026-07-16T06:00:00+00:00
mia,KXHIGHMIA-26JUL16,94.81626892089844,neuralcaster_v2,92.31205129146576,92.86465372276307,93.79022473716736,94.81626892089844,95.84231310462951,96.76788411903381,97.32048655033111,2026-07-16T07:00:00+00:00
mia,KXHIGHMIA-26JUL16,94.80931091308594,neuralcaster_v2,92.37781905531884,92.91437318563462,93.81306440114975,94.80931091308594,95.80555742502213,96.70424864053726,97.24080277085304,2026-07-16T08:00:00+00:00
mia,KXHIGHMIA-26JUL16,94.84048461914062,neuralcaster_v2,92.4893781709671,93.00819375801086,93.87717413520814,94.84048461914062,95.80379510307311,96.67277548027039,97.19159106731415,2026-07-16T09:00:00+00:00
mia,KXHIGHMIA-26JUL16,94.8501205444336,neuralcaster_v2,92.61022513628006,93.10449992847443,93.93237616443633,94.8501205444336,95.76786492443085,96.59574116039276,97.09001595258712,2026-07-16T10:00:00+00:00
mia,KXHIGHMIA-26JUL16,94.94902801513672,neuralcaster_v2,92.80238781630993,93.27608410334587,94.06949276041985,94.94902801513672,95.82856326985359,96.62197192692757,97.0956682139635,2026-07-16T11:00:00+00:00
mia,KXHIGHMIA-26JUL16,94.81307220458984,neuralcaster_v2,92.77697042524815,93.22627434372902,93.97882746338844,94.81307220458984,95.64731694579125,96.39987006545067,96.84917398393154,2026-07-16T12:00:00+00:00
mia,KXHIGHMIA-26JUL16,94.60347747802734,neuralcaster_v2,92.65063788473606,93.0815684454441,93.80334745621681,94.60347747802734,95.40360749983788,96.12538651061058,96.55631707131863,2026-07-16T13:00:00+00:00
mia,KXHIGHMIA-26JUL16,94.6942367553711,neuralcaster_v2,92.8411889487505,93.25009858632087,93.9349940674305,94.6942367553711,95.45347944331169,96.13837492442131,96.54728456199169,2026-07-16T14:00:00+00:00
mia,KXHIGHMIA-26JUL16,95.1351547241211,neuralcaster_v2,93.38482293665409,93.77106636452675,94.41799750542641,95.1351547241211,95.85231194281577,96.49924308371544,96.8854865115881,2026-07-16T15:00:00+00:00
mia,KXHIGHMIA-26JUL16,95.35235595703125,neuralcaster_v2,93.65864391505718,94.0323931376934,94.6583973453045,95.35235595703125,96.046314568758,96.6723187763691,97.04606799900532,2026-07-16T16:00:00+00:00
mia,KXHIGHMIA-26JUL16,95.17452239990234,neuralcaster_v2,93.52952239990235,93.89252239990235,94.50052239990234,95.17452239990234,95.84852239990235,96.45652239990234,96.81952239990234,2026-07-16T17:00:00+00:00
mia,KXHIGHMIA-26JUL16,95.13170623779297,neuralcaster_v2,93.48670623779297,93.84970623779297,94.45770623779296,95.13170623779297,95.80570623779298,96.41370623779297,96.77670623779296,2026-07-16T18:00:00+00:00
mia,KXHIGHMIA-26JUL16,95.12091064453125,neuralcaster_v2,93.47591064453125,93.83891064453125,94.44691064453124,95.12091064453125,95.79491064453126,96.40291064453125,96.76591064453125,2026-07-16T19:00:00+00:00
mia,KXHIGHMIA-26JUL16,96.8,neuralcaster_v2,96.05,96.05,96.12599999999999,96.8,97.474,98.082,98.445,2026-07-16T20:00:00+00:00
mia,KXHIGHMIA-26JUL16,96.8,neuralcaster_v2,96.05,96.05,96.12599999999999,96.8,97.474,98.082,98.445,2026-07-16T21:00:00+00:00
mia,KXHIGHMIA-26JUL16,96.8,neuralcaster_v2,96.05,96.05,96.12599999999999,96.8,97.474,98.082,98.445,2026-07-16T22:00:00+00:00
mia,KXHIGHMIA-26JUL16,96.8,neuralcaster_v2,96.05,96.05,96.12599999999999,96.8,97.474,98.082,98.445,2026-07-16T23:00:00+00:00
mia,KXHIGHMIA-26JUL16,96.8,neuralcaster_v2,96.05,96.05,96.12599999999999,96.8,97.474,98.082,98.445,2026-07-17T00:00:00+00:00
mia,KXHIGHMIA-26JUL16,96.8,neuralcaster_v2,96.05,96.05,96.12599999999999,96.8,97.474,98.082,98.445,2026-07-17T01:00:00+00:00
mia,KXHIGHMIA-26JUL16,96.8,neuralcaster_v2,96.05,96.05,96.12599999999999,96.8,97.474,98.082,98.445,2026-07-17T02:00:00+00:00
mia,KXHIGHMIA-26JUL16,96.8,neuralcaster_v2,96.05,96.05,96.12599999999999,96.8,97.474,98.082,98.445,2026-07-17T03:00:00+00:00
mia,KXHIGHMIA-26JUL16,96.8,neuralcaster_v2,96.05,96.05,96.12599999999999,96.8,97.474,98.082,98.445,2026-07-17T04:00:00+00:00
nyc,KXHIGHNY-26JUL16,90.75098419189453,neuralcaster_v2,88.21391993284226,88.77377058696747,89.71148187541962,90.75098419189453,91.79048650836944,92.72819779682159,93.2880484509468,2026-07-16T05:00:00+00:00
nyc,KXHIGHNY-26JUL16,90.7472915649414,neuralcaster_v2,88.15396563768387,88.72623148059844,89.68473735523224,90.7472915649414,91.80984577465057,92.76835164928437,93.34061749219894,2026-07-16T06:00:00+00:00
nyc,KXHIGHNY-26JUL16,90.69776153564453,neuralcaster_v2,88.03854409277439,88.62535013031959,89.60820982956886,90.69776153564453,91.7873132417202,92.77017294096947,93.35697897851468,2026-07-16T07:00:00+00:00
nyc,KXHIGHNY-26JUL16,90.63909149169922,neuralcaster_v2,87.99282738685608,88.57677502822877,89.55484711074828,90.63909149169922,91.72333587265015,92.70140795516967,93.28535559654236,2026-07-16T08:00:00+00:00
nyc,KXHIGHNY-26JUL16,90.66227722167969,neuralcaster_v2,87.97652578115463,88.56918704128266,89.5618538351059,90.66227722167969,91.76270060825348,92.75536740207671,93.34802866220474,2026-07-16T09:00:00+00:00
nyc,KXHIGHNY-26JUL16,90.62744903564453,neuralcaster_v2,87.90831090807914,88.50833956480027,89.51334624052048,90.62744903564453,91.74155183076859,92.7465585064888,93.34658716320992,2026-07-16T10:00:00+00:00
nyc,KXHIGHNY-26JUL16,90.72325134277344,neuralcaster_v2,88.04055709004402,88.6325437245369,89.62408056688308,90.72325134277344,91.8224221186638,92.81395896100997,93.40594559550286,2026-07-16T11:00:00+00:00
nyc,KXHIGHNY-26JUL16,90.37867736816406,neuralcaster_v2,87.73115469813347,88.31538006544113,89.29391731977462,90.37867736816406,91.4634374165535,92.44197467088699,93.02620003819466,2026-07-16T12:00:00+00:00
nyc,KXHIGHNY-26JUL16,89.67896270751953,neuralcaster_v2,87.16625888168812,87.72073395085334,88.64944150471688,89.67896270751953,90.70848391032219,91.63719146418572,92.19166653335094,2026-07-16T13:00:00+00:00
nyc,KXHIGHNY-26JUL16,89.43050384521484,neuralcaster_v2,87.09323063254357,87.60899365758895,88.4728612036705,89.43050384521484,90.38814648675918,91.25201403284073,91.76777705788612,2026-07-16T14:00:00+00:00
nyc,KXHIGHNY-26JUL16,89.42977142333984,neuralcaster_v2,87.1083493077755,87.62061449193955,88.47862339544297,89.42977142333984,90.38091945123672,91.23892835474014,91.75119353890419,2026-07-16T15:00:00+00:00
nyc,KXHIGHNY-26JUL16,88.89584350585938,neuralcaster_v2,86.89163060724735,87.33389764809608,88.07466448235512,88.89584350585938,89.71702252936363,90.45778936362267,90.9000564044714,2026-07-16T16:00:00+00:00
nyc,KXHIGHNY-26JUL16,88.2441635131836,neuralcaster_v2,86.5991635131836,86.9621635131836,87.57016351318359,88.2441635131836,88.9181635131836,89.52616351318359,89.88916351318359,2026-07-16T17:00:00+00:00
nyc,KXHIGHNY-26JUL16,87.96370697021484,neuralcaster_v2,86.31870697021485,86.68170697021485,87.28970697021484,87.96370697021484,88.63770697021485,89.24570697021484,89.60870697021484,2026-07-16T18:00:00+00:00
nyc,KXHIGHNY-26JUL16,87.89270782470703,neuralcaster_v2,86.24770782470704,86.61070782470703,87.21870782470702,87.89270782470703,88.56670782470704,89.17470782470703,89.53770782470703,2026-07-16T19:00:00+00:00
nyc,KXHIGHNY-26JUL16,87.95292663574219,neuralcaster_v2,86.30792663574219,86.67092663574219,87.27892663574218,87.95292663574219,88.6269266357422,89.23492663574218,89.59792663574218,2026-07-16T20:00:00+00:00
nyc,KXHIGHNY-26JUL16,87.69757080078125,neuralcaster_v2,86.05257080078125,86.41557080078125,87.02357080078124,87.69757080078125,88.37157080078126,88.97957080078125,89.34257080078125,2026-07-16T21:00:00+00:00
nyc,KXHIGHNY-26JUL16,87.70915222167969,neuralcaster_v2,86.06415222167969,86.42715222167969,87.03515222167968,87.70915222167969,88.3831522216797,88.99115222167968,89.35415222167968,2026-07-16T22:00:00+00:00
nyc,KXHIGHNY-26JUL16,87.60140991210938,neuralcaster_v2,85.95640991210938,86.31940991210938,86.92740991210937,87.60140991210938,88.27540991210938,88.88340991210937,89.24640991210937,2026-07-16T23:00:00+00:00
nyc,KXHIGHNY-26JUL16,86.48043060302734,neuralcaster_v2,84.83543060302735,85.19843060302735,85.80643060302734,86.48043060302734,87.15443060302735,87.76243060302734,88.12543060302734,2026-07-17T00:00:00+00:00
nyc,KXHIGHNY-26JUL16,86.26097106933594,neuralcaster_v2,84.61597106933594,84.97897106933594,85.58697106933593,86.26097106933594,86.93497106933594,87.54297106933593,87.90597106933593,2026-07-17T01:00:00+00:00
nyc,KXHIGHNY-26JUL16,86.27945709228516,neuralcaster_v2,84.63445709228516,84.99745709228516,85.60545709228515,86.27945709228516,86.95345709228516,87.56145709228515,87.92445709228515,2026-07-17T02:00:00+00:00
nyc,KXHIGHNY-26JUL16,86.28971099853516,neuralcaster_v2,84.64471099853516,85.00771099853516,85.61571099853515,86.28971099853516,86.96371099853516,87.57171099853515,87.93471099853515,2026-07-17T03:00:00+00:00
nyc,KXHIGHNY-26JUL16,86.30485534667969,neuralcaster_v2,84.65985534667969,85.02285534667969,85.63085534667968,86.30485534667969,86.9788553466797,87.58685534667968,87.94985534667968,2026-07-17T04:00:00+00:00
okc,KXHIGHTOKC-26JUL16,86.95308685302734,neuralcaster_v2,84.32306898534299,84.90343159079552,85.8754989850521,86.95308685302734,88.03067472100258,89.00274211525917,89.5831047207117,2026-07-16T06:00:00+00:00
okc,KXHIGHTOKC-26JUL16,86.70854949951172,neuralcaster_v2,84.0044929754734,84.60119359445572,85.60062603616714,86.70854949951172,87.8164729628563,88.81590540456772,89.41260602355004,2026-07-16T07:00:00+00:00
okc,KXHIGHTOKC-26JUL16,86.60029602050781,neuralcaster_v2,83.90164026677608,84.4971491048336,85.49458539557457,86.60029602050781,87.70600664544105,88.70344293618203,89.29895177423954,2026-07-16T08:00:00+00:00
okc,KXHIGHTOKC-26JUL16,86.85746765136719,neuralcaster_v2,84.11666035711765,84.72147072052955,85.7344864256382,86.85746765136719,87.98044887709618,88.99346458220482,89.59827494561672,2026-07-16T09:00:00+00:00
okc,KXHIGHTOKC-26JUL16,86.6155776977539,neuralcaster_v2,83.85358599424362,84.46307109355926,85.48391665935516,86.6155776977539,87.74723873615265,88.76808430194855,89.3775694012642,2026-07-16T10:00:00+00:00
okc,KXHIGHTOKC-26JUL16,86.59809875488281,neuralcaster_v2,83.84494799137116,84.45248217201232,85.47006008338928,86.59809875488281,87.72613742637634,88.7437153377533,89.35124951839447,2026-07-16T11:00:00+00:00
okc,KXHIGHTOKC-26JUL16,86.47315979003906,neuralcaster_v2,83.74378645658493,84.34607370281219,85.35486336040496,86.47315979003906,87.59145621967316,88.60024587726593,89.2025331234932,2026-07-16T12:00:00+00:00
okc,KXHIGHTOKC-26JUL16,86.30672454833984,neuralcaster_v2,83.61032766222954,84.20533803892135,85.20193944120408,86.30672454833984,87.41150965547561,88.40811105775833,89.00312143445015,2026-07-16T13:00:00+00:00
okc,KXHIGHTOKC-26JUL16,86.14788055419922,neuralcaster_v2,83.53709080934524,84.11321037006378,85.07817095661163,86.14788055419922,87.21759015178681,88.18255073833465,88.7586702990532,2026-07-16T14:00:00+00:00
okc,KXHIGHTOKC-26JUL16,86.20901489257812,neuralcaster_v2,83.85842300891876,84.37712504768372,85.24591523933411,86.20901489257812,87.17211454582214,88.04090473747253,88.55960677623749,2026-07-16T15:00:00+00:00
okc,KXHIGHTOKC-26JUL16,86.72975158691406,neuralcaster_v2,84.70802761077881,85.15415879821778,85.90139781188965,86.72975158691406,87.55810536193847,88.30534437561035,88.75147556304931,2026-07-16T16:00:00+00:00
okc,KXHIGHTOKC-26JUL16,86.90216064453125,neuralcaster_v2,85.11782622218132,85.51157296705246,86.17107164716721,86.90216064453125,87.63324964189529,88.29274832201004,88.68649506688118,2026-07-16T17:00:00+00:00
okc,KXHIGHTOKC-26JUL16,86.56072235107422,neuralcaster_v2,84.91572235107422,85.27872235107422,85.88672235107421,86.56072235107422,87.23472235107423,87.84272235107422,88.20572235107421,2026-07-16T18:00:00+00:00
okc,KXHIGHTOKC-26JUL16,86.55529022216797,neuralcaster_v2,84.91029022216797,85.27329022216797,85.88129022216796,86.55529022216797,87.22929022216798,87.83729022216797,88.20029022216796,2026-07-16T19:00:00+00:00
okc,KXHIGHTOKC-26JUL16,86.51946258544922,neuralcaster_v2,84.87446258544922,85.23746258544922,85.84546258544921,86.51946258544922,87.19346258544923,87.80146258544922,88.16446258544921,2026-07-16T20:00:00+00:00
okc,KXHIGHTOKC-26JUL16,86.4069595336914,neuralcaster_v2,84.76195953369141,85.12495953369141,85.7329595336914,86.4069595336914,87.08095953369141,87.6889595336914,88.0519595336914,2026-07-16T21:00:00+00:00
okc,KXHIGHTOKC-26JUL16,86.35418701171875,neuralcaster_v2,85.25,85.25,85.68018701171874,86.35418701171875,87.02818701171876,87.63618701171875,87.99918701171875,2026-07-16T22:00:00+00:00
okc,KXHIGHTOKC-26JUL16,86.06680297851562,neuralcaster_v2,85.25,85.25,85.39280297851562,86.06680297851562,86.74080297851563,87.34880297851562,87.71180297851562,2026-07-16T23:00:00+00:00
okc,KXHIGHTOKC-26JUL16,86.04413604736328,neuralcaster_v2,85.25,85.25,85.37013604736327,86.04413604736328,86.71813604736329,87.32613604736328,87.68913604736328,2026-07-17T00:00:00+00:00
okc,KXHIGHTOKC-26JUL16,86.01551055908203,neuralcaster_v2,85.25,85.25,85.34151055908202,86.01551055908203,86.68951055908204,87.29751055908203,87.66051055908203,2026-07-17T01:00:00+00:00
okc,KXHIGHTOKC-26JUL16,86.00715637207031,neuralcaster_v2,85.25,85.25,85.3331563720703,86.00715637207031,86.68115637207032,87.28915637207031,87.65215637207031,2026-07-17T02:00:00+00:00
okc,KXHIGHTOKC-26JUL16,86.02201080322266,neuralcaster_v2,85.25,85.25,85.34801080322265,86.02201080322266,86.69601080322266,87.30401080322265,87.66701080322265,2026-07-17T03:00:00+00:00
okc,KXHIGHTOKC-26JUL16,86.02762603759766,neuralcaster_v2,85.25,85.25,85.35362603759765,86.02762603759766,86.70162603759766,87.30962603759765,87.67262603759765,2026-07-17T04:00:00+00:00
okc,KXHIGHTOKC-26JUL16,86.03548431396484,neuralcaster_v2,85.25,85.25,85.36148431396484,86.03548431396484,86.70948431396485,87.31748431396484,87.68048431396484,2026-07-17T05:00:00+00:00
