bin,brier,count,empirical_win_rate,log_loss,lower,mean_top_probability,mean_winner_probability,model_name,top_one_accuracy,upper
0.0-0.1,,0,,,0.0,,,source_blend,,0.1
0.1-0.2,,0,,,0.1,,,source_blend,,0.2
0.2-0.3,,0,,,0.2,,,source_blend,,0.3
0.3-0.4,0.7502691087257913,42,0.3333333333333333,1.4439154819598272,0.3,0.3857501249191902,0.27872188172347734,source_blend,0.3333333333333333,0.4
0.4-0.5,0.7316739316555736,480,0.38125,1.431468727138151,0.4,0.4638959557965543,0.3091034508546427,source_blend,0.38125,0.5
0.5-0.6,0.5956290235126879,502,0.5796812749003984,1.1153877064744695,0.5,0.5461233596669064,0.405153181873744,source_blend,0.5796812749003984,0.6
0.6-0.7,0.4873690454819182,269,0.6765799256505576,0.9467290477658151,0.6,0.644252242782018,0.5024841316907389,source_blend,0.6765799256505576,0.7
0.7-0.8,0.40468129068900244,132,0.7348484848484849,0.7376265725376685,0.7,0.738105953327713,0.5947172049684284,source_blend,0.7348484848484849,0.8
0.8-0.9,0.2092531797691828,82,0.8902439024390244,0.40338304743608244,0.8,0.8456681825777872,0.7626569446740468,source_blend,0.8902439024390244,0.9
0.9-1.0,0.12104006242003823,90,0.9333333333333333,0.31588835613063243,0.9,0.9447004497214433,0.8879388094137003,source_blend,0.9333333333333333,1.0
0.0-0.1,,0,,,0.0,,,raycaster,,0.1
0.1-0.2,,0,,,0.1,,,raycaster,,0.2
0.2-0.3,0.698380606684226,67,0.5223880597014925,1.3846583708917226,0.2,0.28862839854316985,0.2638542129612548,raycaster,0.5223880597014925,0.3
0.3-0.4,0.7147799284855902,658,0.3905775075987842,1.3742227692937437,0.3,0.356677381940987,0.2760962968509642,raycaster,0.3905775075987842,0.4
0.4-0.5,0.6222766501299271,436,0.5435779816513762,1.1326023307881292,0.4,0.4322055129802812,0.349277422873368,raycaster,0.5435779816513762,0.5
0.5-0.6,0.4431942985479863,235,0.7361702127659574,0.7624860986831619,0.5,0.5453637829823232,0.48830018393614566,raycaster,0.7361702127659574,0.6
0.6-0.7,0.3317428778326536,94,0.8297872340425532,0.5967441323299222,0.6,0.6498779907085235,0.5863310317100776,raycaster,0.8297872340425532,0.7
0.7-0.8,0.17042232644180602,42,0.9523809523809523,0.3903170837078949,0.7,0.7406877683396026,0.7130042446327327,raycaster,0.9523809523809523,0.8
0.8-0.9,0.042620598205729575,20,1.0,0.1730268921504458,0.8,0.8414922526428689,0.8414922526428689,raycaster,1.0,0.9
0.9-1.0,0.005103932273809916,45,1.0,0.04509030603466413,0.9,0.9564711435456551,0.9564711435456551,raycaster,1.0,1.0
0.0-0.1,,0,,,0.0,,,raycaster_city,,0.1
0.1-0.2,,0,,,0.1,,,raycaster_city,,0.2
0.2-0.3,0.7282567574771623,73,0.5205479452054794,1.4532999171569323,0.2,0.2876789796294372,0.24926122241778648,raycaster_city,0.5205479452054794,0.3
0.3-0.4,0.7135476165739612,627,0.39712918660287083,1.3604953896056033,0.3,0.3557863252032978,0.27607232428823825,raycaster_city,0.39712918660287083,0.4
0.4-0.5,0.6080103873502034,462,0.5670995670995671,1.099658162022453,0.4,0.4319364894276566,0.35641498608448785,raycaster_city,0.5670995670995671,0.5
0.5-0.6,0.4162709625301375,224,0.7767857142857143,0.7201839215806147,0.5,0.5449368102752257,0.50257359073252,raycaster_city,0.7767857142857143,0.6
0.6-0.7,0.41197415650662916,89,0.7415730337078652,0.7104937626718997,0.6,0.6447704750561465,0.5433919296083408,raycaster_city,0.7415730337078652,0.7
0.7-0.8,0.11528778580588396,40,1.0,0.2950538024995371,0.7,0.7451356428741864,0.7451356428741864,raycaster_city,1.0,0.8
0.8-0.9,0.04095368642958552,27,1.0,0.16726493625991248,0.8,0.8465651593343703,0.8465651593343703,raycaster_city,1.0,0.9
0.9-1.0,0.0039438127237905185,55,1.0,0.03985682559483161,0.9,0.9613228294435228,0.9613228294435228,raycaster_city,1.0,1.0
0.0-0.1,,0,,,0.0,,,raycaster_city_checkpoint,,0.1
0.1-0.2,,0,,,0.1,,,raycaster_city_checkpoint,,0.2
0.2-0.3,0.7282567574771623,73,0.5205479452054794,1.4532999171569323,0.2,0.2876789796294372,0.24926122241778648,raycaster_city_checkpoint,0.5205479452054794,0.3
0.3-0.4,0.7135476165739612,627,0.39712918660287083,1.3604953896056033,0.3,0.3557863252032978,0.27607232428823825,raycaster_city_checkpoint,0.39712918660287083,0.4
0.4-0.5,0.6080103873502034,462,0.5670995670995671,1.099658162022453,0.4,0.4319364894276566,0.35641498608448785,raycaster_city_checkpoint,0.5670995670995671,0.5
0.5-0.6,0.4162709625301375,224,0.7767857142857143,0.7201839215806147,0.5,0.5449368102752257,0.50257359073252,raycaster_city_checkpoint,0.7767857142857143,0.6
0.6-0.7,0.41197415650662916,89,0.7415730337078652,0.7104937626718997,0.6,0.6447704750561465,0.5433919296083408,raycaster_city_checkpoint,0.7415730337078652,0.7
0.7-0.8,0.11528778580588396,40,1.0,0.2950538024995371,0.7,0.7451356428741864,0.7451356428741864,raycaster_city_checkpoint,1.0,0.8
0.8-0.9,0.04095368642958552,27,1.0,0.16726493625991248,0.8,0.8465651593343703,0.8465651593343703,raycaster_city_checkpoint,1.0,0.9
0.9-1.0,0.0039438127237905185,55,1.0,0.03985682559483161,0.9,0.9613228294435228,0.9613228294435228,raycaster_city_checkpoint,1.0,1.0
0.0-0.1,,0,,,0.0,,,raycaster_city_residual,,0.1
0.1-0.2,,0,,,0.1,,,raycaster_city_residual,,0.2
0.2-0.3,0.7225040594485966,73,0.3835616438356164,1.4213380703308267,0.2,0.28755286831958055,0.25075660915121367,raycaster_city_residual,0.3835616438356164,0.3
0.3-0.4,0.7061793151013914,652,0.4217791411042945,1.3597534311608719,0.3,0.35602544396852287,0.279870131841792,raycaster_city_residual,0.4217791411042945,0.4
0.4-0.5,0.6118018218184618,419,0.5799522673031027,1.112773114998112,0.4,0.4338897456736001,0.355933479399847,raycaster_city_residual,0.5799522673031027,0.5
0.5-0.6,0.4669166027626801,244,0.7008196721311475,0.800288668467528,0.5,0.543570772003582,0.47554514728511166,raycaster_city_residual,0.7008196721311475,0.6
0.6-0.7,0.35461011816312754,82,0.8170731707317073,0.6334749905685657,0.6,0.6453946118200609,0.5698616599452664,raycaster_city_residual,0.8170731707317073,0.7
0.7-0.8,0.2171972092522594,61,0.9180327868852459,0.4454059137474464,0.7,0.7392120201217919,0.6921452026882332,raycaster_city_residual,0.9180327868852459,0.8
0.8-0.9,0.037313809584270566,20,1.0,0.15973069233531564,0.8,0.8529118456045014,0.8529118456045014,raycaster_city_residual,1.0,0.9
0.9-1.0,0.004416119835048645,46,1.0,0.04112925197659545,0.9,0.9601883571512716,0.9601883571512716,raycaster_city_residual,1.0,1.0
0.0-0.1,,0,,,0.0,,,raycaster_source_blend_hybrid,,0.1
0.1-0.2,,0,,,0.1,,,raycaster_source_blend_hybrid,,0.2
0.2-0.3,,0,,,0.2,,,raycaster_source_blend_hybrid,,0.3
0.3-0.4,0.7502691087257913,42,0.3333333333333333,1.4439154819598272,0.3,0.3857501249191902,0.27872188172347734,raycaster_source_blend_hybrid,0.3333333333333333,0.4
0.4-0.5,0.7316739316555736,480,0.38125,1.431468727138151,0.4,0.4638959557965543,0.3091034508546427,raycaster_source_blend_hybrid,0.38125,0.5
0.5-0.6,0.5956290235126879,502,0.5796812749003984,1.1153877064744695,0.5,0.5461233596669064,0.405153181873744,raycaster_source_blend_hybrid,0.5796812749003984,0.6
0.6-0.7,0.4873690454819182,269,0.6765799256505576,0.9467290477658151,0.6,0.644252242782018,0.5024841316907389,raycaster_source_blend_hybrid,0.6765799256505576,0.7
0.7-0.8,0.40468129068900244,132,0.7348484848484849,0.7376265725376685,0.7,0.738105953327713,0.5947172049684284,raycaster_source_blend_hybrid,0.7348484848484849,0.8
0.8-0.9,0.2092531797691828,82,0.8902439024390244,0.40338304743608244,0.8,0.8456681825777872,0.7626569446740468,raycaster_source_blend_hybrid,0.8902439024390244,0.9
0.9-1.0,0.12104006242003823,90,0.9333333333333333,0.31588835613063243,0.9,0.9447004497214433,0.8879388094137003,raycaster_source_blend_hybrid,0.9333333333333333,1.0
0.0-0.1,,0,,,0.0,,,raycaster_city_residual_hybrid,,0.1
0.1-0.2,,0,,,0.1,,,raycaster_city_residual_hybrid,,0.2
0.2-0.3,,0,,,0.2,,,raycaster_city_residual_hybrid,,0.3
0.3-0.4,0.7502691087257913,42,0.3333333333333333,1.4439154819598272,0.3,0.3857501249191902,0.27872188172347734,raycaster_city_residual_hybrid,0.3333333333333333,0.4
0.4-0.5,0.7316739316555736,480,0.38125,1.431468727138151,0.4,0.4638959557965543,0.3091034508546427,raycaster_city_residual_hybrid,0.38125,0.5
0.5-0.6,0.5956290235126879,502,0.5796812749003984,1.1153877064744695,0.5,0.5461233596669064,0.405153181873744,raycaster_city_residual_hybrid,0.5796812749003984,0.6
0.6-0.7,0.4873690454819182,269,0.6765799256505576,0.9467290477658151,0.6,0.644252242782018,0.5024841316907389,raycaster_city_residual_hybrid,0.6765799256505576,0.7
0.7-0.8,0.40468129068900244,132,0.7348484848484849,0.7376265725376685,0.7,0.738105953327713,0.5947172049684284,raycaster_city_residual_hybrid,0.7348484848484849,0.8
0.8-0.9,0.2092531797691828,82,0.8902439024390244,0.40338304743608244,0.8,0.8456681825777872,0.7626569446740468,raycaster_city_residual_hybrid,0.8902439024390244,0.9
0.9-1.0,0.12104006242003823,90,0.9333333333333333,0.31588835613063243,0.9,0.9447004497214433,0.8879388094137003,raycaster_city_residual_hybrid,0.9333333333333333,1.0
