avg_clv,avg_edge,avg_entry_price,avg_model_probability,group,hit_rate,pnl,positive_clv_rate,realized_win_rate,roi,side,trades
,,,,0.00-0.03,,0.0,,,0.0,yes,0
,,,,0.03-0.05,,0.0,,,0.0,yes,0
,,,,0.05-0.08,,0.0,,,0.0,yes,0
-0.07916666666666666,0.09072272494663491,0.335,0.42572272494663493,0.08-0.12,0.5,-2.223188,0.5,0.5,-0.5649939718741677,yes,6
,,,,0.12+,,0.0,,,0.0,yes,0
,,,,0.00-0.03,,0.0,,,0.0,no,0
,,,,0.03-0.05,,0.0,,,0.0,no,0
,,,,0.05-0.08,,0.0,,,0.0,no,0
,,,,0.08-0.12,,0.0,,,0.0,no,0
,,,,0.12+,,0.0,,,0.0,no,0
