best_validation_loss,city,epochs_run,event_ticker,mode,neural_mode,snapshot_hour_utc,target_date,test_days,test_end_date,test_start_date,train_days,train_end_date,train_start_date,training_rows
1.1552040576934814,aus,115,KXHIGHAUS-26JUL15,trained_gru_gaussian_residual,market,2026-07-15T06:00:00+00:00,2026-07-15,1,2026-07-15,2026-07-15,14,2026-07-14,2026-07-01,1885
1.1552040576934814,aus,115,KXHIGHAUS-26JUL15,trained_gru_gaussian_residual,market,2026-07-15T07:00:00+00:00,2026-07-15,1,2026-07-15,2026-07-15,14,2026-07-14,2026-07-01,1885
1.1552040576934814,aus,115,KXHIGHAUS-26JUL15,trained_gru_gaussian_residual,market,2026-07-15T08:00:00+00:00,2026-07-15,1,2026-07-15,2026-07-15,14,2026-07-14,2026-07-01,1885
1.1552040576934814,aus,115,KXHIGHAUS-26JUL15,trained_gru_gaussian_residual,market,2026-07-15T09:00:00+00:00,2026-07-15,1,2026-07-15,2026-07-15,14,2026-07-14,2026-07-01,1885
1.1552040576934814,aus,115,KXHIGHAUS-26JUL15,trained_gru_gaussian_residual,market,2026-07-15T10:00:00+00:00,2026-07-15,1,2026-07-15,2026-07-15,14,2026-07-14,2026-07-01,1885
1.1552040576934814,aus,115,KXHIGHAUS-26JUL15,trained_gru_gaussian_residual,market,2026-07-15T11:00:00+00:00,2026-07-15,1,2026-07-15,2026-07-15,14,2026-07-14,2026-07-01,1885
1.1552040576934814,aus,115,KXHIGHAUS-26JUL15,trained_gru_gaussian_residual,market,2026-07-15T12:00:00+00:00,2026-07-15,1,2026-07-15,2026-07-15,14,2026-07-14,2026-07-01,1885
1.1552040576934814,aus,115,KXHIGHAUS-26JUL15,trained_gru_gaussian_residual,market,2026-07-15T13:00:00+00:00,2026-07-15,1,2026-07-15,2026-07-15,14,2026-07-14,2026-07-01,1885
1.1552040576934814,aus,115,KXHIGHAUS-26JUL15,trained_gru_gaussian_residual,market,2026-07-15T14:00:00+00:00,2026-07-15,1,2026-07-15,2026-07-15,14,2026-07-14,2026-07-01,1885
1.1552040576934814,aus,115,KXHIGHAUS-26JUL15,trained_gru_gaussian_residual,market,2026-07-15T15:00:00+00:00,2026-07-15,1,2026-07-15,2026-07-15,14,2026-07-14,2026-07-01,1885
1.1552040576934814,aus,115,KXHIGHAUS-26JUL15,trained_gru_gaussian_residual,market,2026-07-15T16:00:00+00:00,2026-07-15,1,2026-07-15,2026-07-15,14,2026-07-14,2026-07-01,1885
1.1552040576934814,aus,115,KXHIGHAUS-26JUL15,trained_gru_gaussian_residual,market,2026-07-15T17:00:00+00:00,2026-07-15,1,2026-07-15,2026-07-15,14,2026-07-14,2026-07-01,1885
1.1552040576934814,aus,115,KXHIGHAUS-26JUL15,trained_gru_gaussian_residual,market,2026-07-15T18:00:00+00:00,2026-07-15,1,2026-07-15,2026-07-15,14,2026-07-14,2026-07-01,1885
1.1552040576934814,aus,115,KXHIGHAUS-26JUL15,trained_gru_gaussian_residual,market,2026-07-15T19:00:00+00:00,2026-07-15,1,2026-07-15,2026-07-15,14,2026-07-14,2026-07-01,1885
1.1552040576934814,aus,115,KXHIGHAUS-26JUL15,trained_gru_gaussian_residual,market,2026-07-15T20:00:00+00:00,2026-07-15,1,2026-07-15,2026-07-15,14,2026-07-14,2026-07-01,1885
1.1552040576934814,aus,115,KXHIGHAUS-26JUL15,trained_gru_gaussian_residual,market,2026-07-15T21:00:00+00:00,2026-07-15,1,2026-07-15,2026-07-15,14,2026-07-14,2026-07-01,1885
1.1552040576934814,aus,115,KXHIGHAUS-26JUL15,trained_gru_gaussian_residual,market,2026-07-15T22:00:00+00:00,2026-07-15,1,2026-07-15,2026-07-15,14,2026-07-14,2026-07-01,1885
1.1552040576934814,aus,115,KXHIGHAUS-26JUL15,trained_gru_gaussian_residual,market,2026-07-15T23:00:00+00:00,2026-07-15,1,2026-07-15,2026-07-15,14,2026-07-14,2026-07-01,1885
1.1552040576934814,aus,115,KXHIGHAUS-26JUL15,trained_gru_gaussian_residual,market,2026-07-16T00:00:00+00:00,2026-07-15,1,2026-07-15,2026-07-15,14,2026-07-14,2026-07-01,1885
1.1552040576934814,aus,115,KXHIGHAUS-26JUL15,trained_gru_gaussian_residual,market,2026-07-16T01:00:00+00:00,2026-07-15,1,2026-07-15,2026-07-15,14,2026-07-14,2026-07-01,1885
1.1552040576934814,aus,115,KXHIGHAUS-26JUL15,trained_gru_gaussian_residual,market,2026-07-16T02:00:00+00:00,2026-07-15,1,2026-07-15,2026-07-15,14,2026-07-14,2026-07-01,1885
1.1552040576934814,aus,115,KXHIGHAUS-26JUL15,trained_gru_gaussian_residual,market,2026-07-16T03:00:00+00:00,2026-07-15,1,2026-07-15,2026-07-15,14,2026-07-14,2026-07-01,1885
1.1552040576934814,aus,115,KXHIGHAUS-26JUL15,trained_gru_gaussian_residual,market,2026-07-16T04:00:00+00:00,2026-07-15,1,2026-07-15,2026-07-15,14,2026-07-14,2026-07-01,1885
1.1552040576934814,aus,115,KXHIGHAUS-26JUL15,trained_gru_gaussian_residual,market,2026-07-16T05:00:00+00:00,2026-07-15,1,2026-07-15,2026-07-15,14,2026-07-14,2026-07-01,1885
1.1552040576934814,den,115,KXHIGHDEN-26JUL15,trained_gru_gaussian_residual,market,2026-07-15T07:00:00+00:00,2026-07-15,1,2026-07-15,2026-07-15,14,2026-07-14,2026-07-01,1885
1.1552040576934814,den,115,KXHIGHDEN-26JUL15,trained_gru_gaussian_residual,market,2026-07-15T08:00:00+00:00,2026-07-15,1,2026-07-15,2026-07-15,14,2026-07-14,2026-07-01,1885
1.1552040576934814,den,115,KXHIGHDEN-26JUL15,trained_gru_gaussian_residual,market,2026-07-15T09:00:00+00:00,2026-07-15,1,2026-07-15,2026-07-15,14,2026-07-14,2026-07-01,1885
1.1552040576934814,den,115,KXHIGHDEN-26JUL15,trained_gru_gaussian_residual,market,2026-07-15T10:00:00+00:00,2026-07-15,1,2026-07-15,2026-07-15,14,2026-07-14,2026-07-01,1885
1.1552040576934814,den,115,KXHIGHDEN-26JUL15,trained_gru_gaussian_residual,market,2026-07-15T11:00:00+00:00,2026-07-15,1,2026-07-15,2026-07-15,14,2026-07-14,2026-07-01,1885
1.1552040576934814,den,115,KXHIGHDEN-26JUL15,trained_gru_gaussian_residual,market,2026-07-15T12:00:00+00:00,2026-07-15,1,2026-07-15,2026-07-15,14,2026-07-14,2026-07-01,1885
1.1552040576934814,den,115,KXHIGHDEN-26JUL15,trained_gru_gaussian_residual,market,2026-07-15T13:00:00+00:00,2026-07-15,1,2026-07-15,2026-07-15,14,2026-07-14,2026-07-01,1885
1.1552040576934814,den,115,KXHIGHDEN-26JUL15,trained_gru_gaussian_residual,market,2026-07-15T14:00:00+00:00,2026-07-15,1,2026-07-15,2026-07-15,14,2026-07-14,2026-07-01,1885
1.1552040576934814,den,115,KXHIGHDEN-26JUL15,trained_gru_gaussian_residual,market,2026-07-15T15:00:00+00:00,2026-07-15,1,2026-07-15,2026-07-15,14,2026-07-14,2026-07-01,1885
1.1552040576934814,den,115,KXHIGHDEN-26JUL15,trained_gru_gaussian_residual,market,2026-07-15T16:00:00+00:00,2026-07-15,1,2026-07-15,2026-07-15,14,2026-07-14,2026-07-01,1885
1.1552040576934814,den,115,KXHIGHDEN-26JUL15,trained_gru_gaussian_residual,market,2026-07-15T17:00:00+00:00,2026-07-15,1,2026-07-15,2026-07-15,14,2026-07-14,2026-07-01,1885
1.1552040576934814,den,115,KXHIGHDEN-26JUL15,trained_gru_gaussian_residual,market,2026-07-15T18:00:00+00:00,2026-07-15,1,2026-07-15,2026-07-15,14,2026-07-14,2026-07-01,1885
1.1552040576934814,den,115,KXHIGHDEN-26JUL15,trained_gru_gaussian_residual,market,2026-07-15T19:00:00+00:00,2026-07-15,1,2026-07-15,2026-07-15,14,2026-07-14,2026-07-01,1885
1.1552040576934814,den,115,KXHIGHDEN-26JUL15,trained_gru_gaussian_residual,market,2026-07-15T20:00:00+00:00,2026-07-15,1,2026-07-15,2026-07-15,14,2026-07-14,2026-07-01,1885
1.1552040576934814,den,115,KXHIGHDEN-26JUL15,trained_gru_gaussian_residual,market,2026-07-15T21:00:00+00:00,2026-07-15,1,2026-07-15,2026-07-15,14,2026-07-14,2026-07-01,1885
1.1552040576934814,den,115,KXHIGHDEN-26JUL15,trained_gru_gaussian_residual,market,2026-07-15T22:00:00+00:00,2026-07-15,1,2026-07-15,2026-07-15,14,2026-07-14,2026-07-01,1885
1.1552040576934814,den,115,KXHIGHDEN-26JUL15,trained_gru_gaussian_residual,market,2026-07-15T23:00:00+00:00,2026-07-15,1,2026-07-15,2026-07-15,14,2026-07-14,2026-07-01,1885
1.1552040576934814,den,115,KXHIGHDEN-26JUL15,trained_gru_gaussian_residual,market,2026-07-16T00:00:00+00:00,2026-07-15,1,2026-07-15,2026-07-15,14,2026-07-14,2026-07-01,1885
1.1552040576934814,den,115,KXHIGHDEN-26JUL15,trained_gru_gaussian_residual,market,2026-07-16T01:00:00+00:00,2026-07-15,1,2026-07-15,2026-07-15,14,2026-07-14,2026-07-01,1885
1.1552040576934814,den,115,KXHIGHDEN-26JUL15,trained_gru_gaussian_residual,market,2026-07-16T02:00:00+00:00,2026-07-15,1,2026-07-15,2026-07-15,14,2026-07-14,2026-07-01,1885
1.1552040576934814,den,115,KXHIGHDEN-26JUL15,trained_gru_gaussian_residual,market,2026-07-16T03:00:00+00:00,2026-07-15,1,2026-07-15,2026-07-15,14,2026-07-14,2026-07-01,1885
1.1552040576934814,den,115,KXHIGHDEN-26JUL15,trained_gru_gaussian_residual,market,2026-07-16T04:00:00+00:00,2026-07-15,1,2026-07-15,2026-07-15,14,2026-07-14,2026-07-01,1885
1.1552040576934814,den,115,KXHIGHDEN-26JUL15,trained_gru_gaussian_residual,market,2026-07-16T05:00:00+00:00,2026-07-15,1,2026-07-15,2026-07-15,14,2026-07-14,2026-07-01,1885
1.1552040576934814,den,115,KXHIGHDEN-26JUL15,trained_gru_gaussian_residual,market,2026-07-16T06:00:00+00:00,2026-07-15,1,2026-07-15,2026-07-15,14,2026-07-14,2026-07-01,1885
1.1552040576934814,la,115,KXHIGHLAX-26JUL15,trained_gru_gaussian_residual,market,2026-07-15T08:00:00+00:00,2026-07-15,1,2026-07-15,2026-07-15,14,2026-07-14,2026-07-01,1885
1.1552040576934814,la,115,KXHIGHLAX-26JUL15,trained_gru_gaussian_residual,market,2026-07-15T09:00:00+00:00,2026-07-15,1,2026-07-15,2026-07-15,14,2026-07-14,2026-07-01,1885
1.1552040576934814,la,115,KXHIGHLAX-26JUL15,trained_gru_gaussian_residual,market,2026-07-15T10:00:00+00:00,2026-07-15,1,2026-07-15,2026-07-15,14,2026-07-14,2026-07-01,1885
1.1552040576934814,la,115,KXHIGHLAX-26JUL15,trained_gru_gaussian_residual,market,2026-07-15T11:00:00+00:00,2026-07-15,1,2026-07-15,2026-07-15,14,2026-07-14,2026-07-01,1885
1.1552040576934814,la,115,KXHIGHLAX-26JUL15,trained_gru_gaussian_residual,market,2026-07-15T12:00:00+00:00,2026-07-15,1,2026-07-15,2026-07-15,14,2026-07-14,2026-07-01,1885
1.1552040576934814,la,115,KXHIGHLAX-26JUL15,trained_gru_gaussian_residual,market,2026-07-15T13:00:00+00:00,2026-07-15,1,2026-07-15,2026-07-15,14,2026-07-14,2026-07-01,1885
1.1552040576934814,la,115,KXHIGHLAX-26JUL15,trained_gru_gaussian_residual,market,2026-07-15T14:00:00+00:00,2026-07-15,1,2026-07-15,2026-07-15,14,2026-07-14,2026-07-01,1885
1.1552040576934814,la,115,KXHIGHLAX-26JUL15,trained_gru_gaussian_residual,market,2026-07-15T15:00:00+00:00,2026-07-15,1,2026-07-15,2026-07-15,14,2026-07-14,2026-07-01,1885
1.1552040576934814,la,115,KXHIGHLAX-26JUL15,trained_gru_gaussian_residual,market,2026-07-15T16:00:00+00:00,2026-07-15,1,2026-07-15,2026-07-15,14,2026-07-14,2026-07-01,1885
1.1552040576934814,la,115,KXHIGHLAX-26JUL15,trained_gru_gaussian_residual,market,2026-07-15T17:00:00+00:00,2026-07-15,1,2026-07-15,2026-07-15,14,2026-07-14,2026-07-01,1885
1.1552040576934814,la,115,KXHIGHLAX-26JUL15,trained_gru_gaussian_residual,market,2026-07-15T18:00:00+00:00,2026-07-15,1,2026-07-15,2026-07-15,14,2026-07-14,2026-07-01,1885
1.1552040576934814,la,115,KXHIGHLAX-26JUL15,trained_gru_gaussian_residual,market,2026-07-15T19:00:00+00:00,2026-07-15,1,2026-07-15,2026-07-15,14,2026-07-14,2026-07-01,1885
1.1552040576934814,la,115,KXHIGHLAX-26JUL15,trained_gru_gaussian_residual,market,2026-07-15T20:00:00+00:00,2026-07-15,1,2026-07-15,2026-07-15,14,2026-07-14,2026-07-01,1885
1.1552040576934814,la,115,KXHIGHLAX-26JUL15,trained_gru_gaussian_residual,market,2026-07-15T21:00:00+00:00,2026-07-15,1,2026-07-15,2026-07-15,14,2026-07-14,2026-07-01,1885
1.1552040576934814,la,115,KXHIGHLAX-26JUL15,trained_gru_gaussian_residual,market,2026-07-15T22:00:00+00:00,2026-07-15,1,2026-07-15,2026-07-15,14,2026-07-14,2026-07-01,1885
1.1552040576934814,la,115,KXHIGHLAX-26JUL15,trained_gru_gaussian_residual,market,2026-07-15T23:00:00+00:00,2026-07-15,1,2026-07-15,2026-07-15,14,2026-07-14,2026-07-01,1885
1.1552040576934814,la,115,KXHIGHLAX-26JUL15,trained_gru_gaussian_residual,market,2026-07-16T00:00:00+00:00,2026-07-15,1,2026-07-15,2026-07-15,14,2026-07-14,2026-07-01,1885
1.1552040576934814,la,115,KXHIGHLAX-26JUL15,trained_gru_gaussian_residual,market,2026-07-16T01:00:00+00:00,2026-07-15,1,2026-07-15,2026-07-15,14,2026-07-14,2026-07-01,1885
1.1552040576934814,la,115,KXHIGHLAX-26JUL15,trained_gru_gaussian_residual,market,2026-07-16T02:00:00+00:00,2026-07-15,1,2026-07-15,2026-07-15,14,2026-07-14,2026-07-01,1885
1.1552040576934814,la,115,KXHIGHLAX-26JUL15,trained_gru_gaussian_residual,market,2026-07-16T03:00:00+00:00,2026-07-15,1,2026-07-15,2026-07-15,14,2026-07-14,2026-07-01,1885
1.1552040576934814,la,115,KXHIGHLAX-26JUL15,trained_gru_gaussian_residual,market,2026-07-16T04:00:00+00:00,2026-07-15,1,2026-07-15,2026-07-15,14,2026-07-14,2026-07-01,1885
1.1552040576934814,la,115,KXHIGHLAX-26JUL15,trained_gru_gaussian_residual,market,2026-07-16T05:00:00+00:00,2026-07-15,1,2026-07-15,2026-07-15,14,2026-07-14,2026-07-01,1885
1.1552040576934814,la,115,KXHIGHLAX-26JUL15,trained_gru_gaussian_residual,market,2026-07-16T06:00:00+00:00,2026-07-15,1,2026-07-15,2026-07-15,14,2026-07-14,2026-07-01,1885
1.1552040576934814,la,115,KXHIGHLAX-26JUL15,trained_gru_gaussian_residual,market,2026-07-16T07:00:00+00:00,2026-07-15,1,2026-07-15,2026-07-15,14,2026-07-14,2026-07-01,1885
1.1552040576934814,mia,115,KXHIGHMIA-26JUL15,trained_gru_gaussian_residual,market,2026-07-15T05:00:00+00:00,2026-07-15,1,2026-07-15,2026-07-15,14,2026-07-14,2026-07-01,1885
1.1552040576934814,mia,115,KXHIGHMIA-26JUL15,trained_gru_gaussian_residual,market,2026-07-15T06:00:00+00:00,2026-07-15,1,2026-07-15,2026-07-15,14,2026-07-14,2026-07-01,1885
1.1552040576934814,mia,115,KXHIGHMIA-26JUL15,trained_gru_gaussian_residual,market,2026-07-15T07:00:00+00:00,2026-07-15,1,2026-07-15,2026-07-15,14,2026-07-14,2026-07-01,1885
1.1552040576934814,mia,115,KXHIGHMIA-26JUL15,trained_gru_gaussian_residual,market,2026-07-15T08:00:00+00:00,2026-07-15,1,2026-07-15,2026-07-15,14,2026-07-14,2026-07-01,1885
1.1552040576934814,mia,115,KXHIGHMIA-26JUL15,trained_gru_gaussian_residual,market,2026-07-15T09:00:00+00:00,2026-07-15,1,2026-07-15,2026-07-15,14,2026-07-14,2026-07-01,1885
1.1552040576934814,mia,115,KXHIGHMIA-26JUL15,trained_gru_gaussian_residual,market,2026-07-15T10:00:00+00:00,2026-07-15,1,2026-07-15,2026-07-15,14,2026-07-14,2026-07-01,1885
1.1552040576934814,mia,115,KXHIGHMIA-26JUL15,trained_gru_gaussian_residual,market,2026-07-15T11:00:00+00:00,2026-07-15,1,2026-07-15,2026-07-15,14,2026-07-14,2026-07-01,1885
1.1552040576934814,mia,115,KXHIGHMIA-26JUL15,trained_gru_gaussian_residual,market,2026-07-15T12:00:00+00:00,2026-07-15,1,2026-07-15,2026-07-15,14,2026-07-14,2026-07-01,1885
1.1552040576934814,mia,115,KXHIGHMIA-26JUL15,trained_gru_gaussian_residual,market,2026-07-15T13:00:00+00:00,2026-07-15,1,2026-07-15,2026-07-15,14,2026-07-14,2026-07-01,1885
1.1552040576934814,mia,115,KXHIGHMIA-26JUL15,trained_gru_gaussian_residual,market,2026-07-15T14:00:00+00:00,2026-07-15,1,2026-07-15,2026-07-15,14,2026-07-14,2026-07-01,1885
1.1552040576934814,mia,115,KXHIGHMIA-26JUL15,trained_gru_gaussian_residual,market,2026-07-15T15:00:00+00:00,2026-07-15,1,2026-07-15,2026-07-15,14,2026-07-14,2026-07-01,1885
1.1552040576934814,mia,115,KXHIGHMIA-26JUL15,trained_gru_gaussian_residual,market,2026-07-15T16:00:00+00:00,2026-07-15,1,2026-07-15,2026-07-15,14,2026-07-14,2026-07-01,1885
1.1552040576934814,mia,115,KXHIGHMIA-26JUL15,trained_gru_gaussian_residual,market,2026-07-15T17:00:00+00:00,2026-07-15,1,2026-07-15,2026-07-15,14,2026-07-14,2026-07-01,1885
1.1552040576934814,mia,115,KXHIGHMIA-26JUL15,trained_gru_gaussian_residual,market,2026-07-15T18:00:00+00:00,2026-07-15,1,2026-07-15,2026-07-15,14,2026-07-14,2026-07-01,1885
1.1552040576934814,mia,115,KXHIGHMIA-26JUL15,trained_gru_gaussian_residual,market,2026-07-15T19:00:00+00:00,2026-07-15,1,2026-07-15,2026-07-15,14,2026-07-14,2026-07-01,1885
1.1552040576934814,mia,115,KXHIGHMIA-26JUL15,trained_gru_gaussian_residual,market,2026-07-15T20:00:00+00:00,2026-07-15,1,2026-07-15,2026-07-15,14,2026-07-14,2026-07-01,1885
1.1552040576934814,mia,115,KXHIGHMIA-26JUL15,trained_gru_gaussian_residual,market,2026-07-15T21:00:00+00:00,2026-07-15,1,2026-07-15,2026-07-15,14,2026-07-14,2026-07-01,1885
1.1552040576934814,mia,115,KXHIGHMIA-26JUL15,trained_gru_gaussian_residual,market,2026-07-15T22:00:00+00:00,2026-07-15,1,2026-07-15,2026-07-15,14,2026-07-14,2026-07-01,1885
1.1552040576934814,mia,115,KXHIGHMIA-26JUL15,trained_gru_gaussian_residual,market,2026-07-15T23:00:00+00:00,2026-07-15,1,2026-07-15,2026-07-15,14,2026-07-14,2026-07-01,1885
1.1552040576934814,mia,115,KXHIGHMIA-26JUL15,trained_gru_gaussian_residual,market,2026-07-16T00:00:00+00:00,2026-07-15,1,2026-07-15,2026-07-15,14,2026-07-14,2026-07-01,1885
1.1552040576934814,mia,115,KXHIGHMIA-26JUL15,trained_gru_gaussian_residual,market,2026-07-16T01:00:00+00:00,2026-07-15,1,2026-07-15,2026-07-15,14,2026-07-14,2026-07-01,1885
1.1552040576934814,mia,115,KXHIGHMIA-26JUL15,trained_gru_gaussian_residual,market,2026-07-16T02:00:00+00:00,2026-07-15,1,2026-07-15,2026-07-15,14,2026-07-14,2026-07-01,1885
1.1552040576934814,mia,115,KXHIGHMIA-26JUL15,trained_gru_gaussian_residual,market,2026-07-16T03:00:00+00:00,2026-07-15,1,2026-07-15,2026-07-15,14,2026-07-14,2026-07-01,1885
1.1552040576934814,mia,115,KXHIGHMIA-26JUL15,trained_gru_gaussian_residual,market,2026-07-16T04:00:00+00:00,2026-07-15,1,2026-07-15,2026-07-15,14,2026-07-14,2026-07-01,1885
1.1552040576934814,nyc,115,KXHIGHNY-26JUL15,trained_gru_gaussian_residual,market,2026-07-15T05:00:00+00:00,2026-07-15,1,2026-07-15,2026-07-15,14,2026-07-14,2026-07-01,1885
1.1552040576934814,nyc,115,KXHIGHNY-26JUL15,trained_gru_gaussian_residual,market,2026-07-15T06:00:00+00:00,2026-07-15,1,2026-07-15,2026-07-15,14,2026-07-14,2026-07-01,1885
1.1552040576934814,nyc,115,KXHIGHNY-26JUL15,trained_gru_gaussian_residual,market,2026-07-15T07:00:00+00:00,2026-07-15,1,2026-07-15,2026-07-15,14,2026-07-14,2026-07-01,1885
1.1552040576934814,nyc,115,KXHIGHNY-26JUL15,trained_gru_gaussian_residual,market,2026-07-15T08:00:00+00:00,2026-07-15,1,2026-07-15,2026-07-15,14,2026-07-14,2026-07-01,1885
1.1552040576934814,nyc,115,KXHIGHNY-26JUL15,trained_gru_gaussian_residual,market,2026-07-15T09:00:00+00:00,2026-07-15,1,2026-07-15,2026-07-15,14,2026-07-14,2026-07-01,1885
1.1552040576934814,nyc,115,KXHIGHNY-26JUL15,trained_gru_gaussian_residual,market,2026-07-15T10:00:00+00:00,2026-07-15,1,2026-07-15,2026-07-15,14,2026-07-14,2026-07-01,1885
1.1552040576934814,nyc,115,KXHIGHNY-26JUL15,trained_gru_gaussian_residual,market,2026-07-15T11:00:00+00:00,2026-07-15,1,2026-07-15,2026-07-15,14,2026-07-14,2026-07-01,1885
1.1552040576934814,nyc,115,KXHIGHNY-26JUL15,trained_gru_gaussian_residual,market,2026-07-15T12:00:00+00:00,2026-07-15,1,2026-07-15,2026-07-15,14,2026-07-14,2026-07-01,1885
1.1552040576934814,nyc,115,KXHIGHNY-26JUL15,trained_gru_gaussian_residual,market,2026-07-15T13:00:00+00:00,2026-07-15,1,2026-07-15,2026-07-15,14,2026-07-14,2026-07-01,1885
1.1552040576934814,nyc,115,KXHIGHNY-26JUL15,trained_gru_gaussian_residual,market,2026-07-15T14:00:00+00:00,2026-07-15,1,2026-07-15,2026-07-15,14,2026-07-14,2026-07-01,1885
1.1552040576934814,nyc,115,KXHIGHNY-26JUL15,trained_gru_gaussian_residual,market,2026-07-15T15:00:00+00:00,2026-07-15,1,2026-07-15,2026-07-15,14,2026-07-14,2026-07-01,1885
1.1552040576934814,nyc,115,KXHIGHNY-26JUL15,trained_gru_gaussian_residual,market,2026-07-15T16:00:00+00:00,2026-07-15,1,2026-07-15,2026-07-15,14,2026-07-14,2026-07-01,1885
1.1552040576934814,nyc,115,KXHIGHNY-26JUL15,trained_gru_gaussian_residual,market,2026-07-15T17:00:00+00:00,2026-07-15,1,2026-07-15,2026-07-15,14,2026-07-14,2026-07-01,1885
1.1552040576934814,nyc,115,KXHIGHNY-26JUL15,trained_gru_gaussian_residual,market,2026-07-15T18:00:00+00:00,2026-07-15,1,2026-07-15,2026-07-15,14,2026-07-14,2026-07-01,1885
1.1552040576934814,nyc,115,KXHIGHNY-26JUL15,trained_gru_gaussian_residual,market,2026-07-15T19:00:00+00:00,2026-07-15,1,2026-07-15,2026-07-15,14,2026-07-14,2026-07-01,1885
1.1552040576934814,nyc,115,KXHIGHNY-26JUL15,trained_gru_gaussian_residual,market,2026-07-15T20:00:00+00:00,2026-07-15,1,2026-07-15,2026-07-15,14,2026-07-14,2026-07-01,1885
1.1552040576934814,nyc,115,KXHIGHNY-26JUL15,trained_gru_gaussian_residual,market,2026-07-15T21:00:00+00:00,2026-07-15,1,2026-07-15,2026-07-15,14,2026-07-14,2026-07-01,1885
1.1552040576934814,nyc,115,KXHIGHNY-26JUL15,trained_gru_gaussian_residual,market,2026-07-15T22:00:00+00:00,2026-07-15,1,2026-07-15,2026-07-15,14,2026-07-14,2026-07-01,1885
1.1552040576934814,nyc,115,KXHIGHNY-26JUL15,trained_gru_gaussian_residual,market,2026-07-15T23:00:00+00:00,2026-07-15,1,2026-07-15,2026-07-15,14,2026-07-14,2026-07-01,1885
1.1552040576934814,nyc,115,KXHIGHNY-26JUL15,trained_gru_gaussian_residual,market,2026-07-16T00:00:00+00:00,2026-07-15,1,2026-07-15,2026-07-15,14,2026-07-14,2026-07-01,1885
1.1552040576934814,nyc,115,KXHIGHNY-26JUL15,trained_gru_gaussian_residual,market,2026-07-16T01:00:00+00:00,2026-07-15,1,2026-07-15,2026-07-15,14,2026-07-14,2026-07-01,1885
1.1552040576934814,nyc,115,KXHIGHNY-26JUL15,trained_gru_gaussian_residual,market,2026-07-16T02:00:00+00:00,2026-07-15,1,2026-07-15,2026-07-15,14,2026-07-14,2026-07-01,1885
1.1552040576934814,nyc,115,KXHIGHNY-26JUL15,trained_gru_gaussian_residual,market,2026-07-16T03:00:00+00:00,2026-07-15,1,2026-07-15,2026-07-15,14,2026-07-14,2026-07-01,1885
1.1552040576934814,nyc,115,KXHIGHNY-26JUL15,trained_gru_gaussian_residual,market,2026-07-16T04:00:00+00:00,2026-07-15,1,2026-07-15,2026-07-15,14,2026-07-14,2026-07-01,1885
1.1552040576934814,okc,115,KXHIGHTOKC-26JUL15,trained_gru_gaussian_residual,market,2026-07-15T06:00:00+00:00,2026-07-15,1,2026-07-15,2026-07-15,14,2026-07-14,2026-07-01,1885
1.1552040576934814,okc,115,KXHIGHTOKC-26JUL15,trained_gru_gaussian_residual,market,2026-07-15T07:00:00+00:00,2026-07-15,1,2026-07-15,2026-07-15,14,2026-07-14,2026-07-01,1885
1.1552040576934814,okc,115,KXHIGHTOKC-26JUL15,trained_gru_gaussian_residual,market,2026-07-15T08:00:00+00:00,2026-07-15,1,2026-07-15,2026-07-15,14,2026-07-14,2026-07-01,1885
1.1552040576934814,okc,115,KXHIGHTOKC-26JUL15,trained_gru_gaussian_residual,market,2026-07-15T09:00:00+00:00,2026-07-15,1,2026-07-15,2026-07-15,14,2026-07-14,2026-07-01,1885
1.1552040576934814,okc,115,KXHIGHTOKC-26JUL15,trained_gru_gaussian_residual,market,2026-07-15T10:00:00+00:00,2026-07-15,1,2026-07-15,2026-07-15,14,2026-07-14,2026-07-01,1885
1.1552040576934814,okc,115,KXHIGHTOKC-26JUL15,trained_gru_gaussian_residual,market,2026-07-15T11:00:00+00:00,2026-07-15,1,2026-07-15,2026-07-15,14,2026-07-14,2026-07-01,1885
1.1552040576934814,okc,115,KXHIGHTOKC-26JUL15,trained_gru_gaussian_residual,market,2026-07-15T12:00:00+00:00,2026-07-15,1,2026-07-15,2026-07-15,14,2026-07-14,2026-07-01,1885
1.1552040576934814,okc,115,KXHIGHTOKC-26JUL15,trained_gru_gaussian_residual,market,2026-07-15T13:00:00+00:00,2026-07-15,1,2026-07-15,2026-07-15,14,2026-07-14,2026-07-01,1885
1.1552040576934814,okc,115,KXHIGHTOKC-26JUL15,trained_gru_gaussian_residual,market,2026-07-15T14:00:00+00:00,2026-07-15,1,2026-07-15,2026-07-15,14,2026-07-14,2026-07-01,1885
1.1552040576934814,okc,115,KXHIGHTOKC-26JUL15,trained_gru_gaussian_residual,market,2026-07-15T15:00:00+00:00,2026-07-15,1,2026-07-15,2026-07-15,14,2026-07-14,2026-07-01,1885
1.1552040576934814,okc,115,KXHIGHTOKC-26JUL15,trained_gru_gaussian_residual,market,2026-07-15T16:00:00+00:00,2026-07-15,1,2026-07-15,2026-07-15,14,2026-07-14,2026-07-01,1885
1.1552040576934814,okc,115,KXHIGHTOKC-26JUL15,trained_gru_gaussian_residual,market,2026-07-15T17:00:00+00:00,2026-07-15,1,2026-07-15,2026-07-15,14,2026-07-14,2026-07-01,1885
1.1552040576934814,okc,115,KXHIGHTOKC-26JUL15,trained_gru_gaussian_residual,market,2026-07-15T18:00:00+00:00,2026-07-15,1,2026-07-15,2026-07-15,14,2026-07-14,2026-07-01,1885
1.1552040576934814,okc,115,KXHIGHTOKC-26JUL15,trained_gru_gaussian_residual,market,2026-07-15T19:00:00+00:00,2026-07-15,1,2026-07-15,2026-07-15,14,2026-07-14,2026-07-01,1885
1.1552040576934814,okc,115,KXHIGHTOKC-26JUL15,trained_gru_gaussian_residual,market,2026-07-15T20:00:00+00:00,2026-07-15,1,2026-07-15,2026-07-15,14,2026-07-14,2026-07-01,1885
1.1552040576934814,okc,115,KXHIGHTOKC-26JUL15,trained_gru_gaussian_residual,market,2026-07-15T21:00:00+00:00,2026-07-15,1,2026-07-15,2026-07-15,14,2026-07-14,2026-07-01,1885
1.1552040576934814,okc,115,KXHIGHTOKC-26JUL15,trained_gru_gaussian_residual,market,2026-07-15T22:00:00+00:00,2026-07-15,1,2026-07-15,2026-07-15,14,2026-07-14,2026-07-01,1885
1.1552040576934814,okc,115,KXHIGHTOKC-26JUL15,trained_gru_gaussian_residual,market,2026-07-15T23:00:00+00:00,2026-07-15,1,2026-07-15,2026-07-15,14,2026-07-14,2026-07-01,1885
1.1552040576934814,okc,115,KXHIGHTOKC-26JUL15,trained_gru_gaussian_residual,market,2026-07-16T00:00:00+00:00,2026-07-15,1,2026-07-15,2026-07-15,14,2026-07-14,2026-07-01,1885
1.1552040576934814,okc,115,KXHIGHTOKC-26JUL15,trained_gru_gaussian_residual,market,2026-07-16T01:00:00+00:00,2026-07-15,1,2026-07-15,2026-07-15,14,2026-07-14,2026-07-01,1885
1.1552040576934814,okc,115,KXHIGHTOKC-26JUL15,trained_gru_gaussian_residual,market,2026-07-16T02:00:00+00:00,2026-07-15,1,2026-07-15,2026-07-15,14,2026-07-14,2026-07-01,1885
1.1552040576934814,okc,115,KXHIGHTOKC-26JUL15,trained_gru_gaussian_residual,market,2026-07-16T03:00:00+00:00,2026-07-15,1,2026-07-15,2026-07-15,14,2026-07-14,2026-07-01,1885
1.1552040576934814,okc,115,KXHIGHTOKC-26JUL15,trained_gru_gaussian_residual,market,2026-07-16T04:00:00+00:00,2026-07-15,1,2026-07-15,2026-07-15,14,2026-07-14,2026-07-01,1885
1.1552040576934814,okc,115,KXHIGHTOKC-26JUL15,trained_gru_gaussian_residual,market,2026-07-16T05:00:00+00:00,2026-07-15,1,2026-07-15,2026-07-15,14,2026-07-14,2026-07-01,1885
0.4616876244544983,aus,75,KXHIGHAUS-26JUL16,trained_gru_gaussian_residual,market,2026-07-16T06:00:00+00:00,2026-07-16,1,2026-07-16,2026-07-16,14,2026-07-15,2026-07-02,2016
0.4616876244544983,aus,75,KXHIGHAUS-26JUL16,trained_gru_gaussian_residual,market,2026-07-16T07:00:00+00:00,2026-07-16,1,2026-07-16,2026-07-16,14,2026-07-15,2026-07-02,2016
0.4616876244544983,aus,75,KXHIGHAUS-26JUL16,trained_gru_gaussian_residual,market,2026-07-16T08:00:00+00:00,2026-07-16,1,2026-07-16,2026-07-16,14,2026-07-15,2026-07-02,2016
0.4616876244544983,aus,75,KXHIGHAUS-26JUL16,trained_gru_gaussian_residual,market,2026-07-16T09:00:00+00:00,2026-07-16,1,2026-07-16,2026-07-16,14,2026-07-15,2026-07-02,2016
0.4616876244544983,aus,75,KXHIGHAUS-26JUL16,trained_gru_gaussian_residual,market,2026-07-16T10:00:00+00:00,2026-07-16,1,2026-07-16,2026-07-16,14,2026-07-15,2026-07-02,2016
0.4616876244544983,aus,75,KXHIGHAUS-26JUL16,trained_gru_gaussian_residual,market,2026-07-16T11:00:00+00:00,2026-07-16,1,2026-07-16,2026-07-16,14,2026-07-15,2026-07-02,2016
0.4616876244544983,aus,75,KXHIGHAUS-26JUL16,trained_gru_gaussian_residual,market,2026-07-16T12:00:00+00:00,2026-07-16,1,2026-07-16,2026-07-16,14,2026-07-15,2026-07-02,2016
0.4616876244544983,aus,75,KXHIGHAUS-26JUL16,trained_gru_gaussian_residual,market,2026-07-16T13:00:00+00:00,2026-07-16,1,2026-07-16,2026-07-16,14,2026-07-15,2026-07-02,2016
0.4616876244544983,aus,75,KXHIGHAUS-26JUL16,trained_gru_gaussian_residual,market,2026-07-16T14:00:00+00:00,2026-07-16,1,2026-07-16,2026-07-16,14,2026-07-15,2026-07-02,2016
0.4616876244544983,aus,75,KXHIGHAUS-26JUL16,trained_gru_gaussian_residual,market,2026-07-16T15:00:00+00:00,2026-07-16,1,2026-07-16,2026-07-16,14,2026-07-15,2026-07-02,2016
0.4616876244544983,aus,75,KXHIGHAUS-26JUL16,trained_gru_gaussian_residual,market,2026-07-16T16:00:00+00:00,2026-07-16,1,2026-07-16,2026-07-16,14,2026-07-15,2026-07-02,2016
0.4616876244544983,aus,75,KXHIGHAUS-26JUL16,trained_gru_gaussian_residual,market,2026-07-16T17:00:00+00:00,2026-07-16,1,2026-07-16,2026-07-16,14,2026-07-15,2026-07-02,2016
0.4616876244544983,aus,75,KXHIGHAUS-26JUL16,trained_gru_gaussian_residual,market,2026-07-16T18:00:00+00:00,2026-07-16,1,2026-07-16,2026-07-16,14,2026-07-15,2026-07-02,2016
0.4616876244544983,aus,75,KXHIGHAUS-26JUL16,trained_gru_gaussian_residual,market,2026-07-16T19:00:00+00:00,2026-07-16,1,2026-07-16,2026-07-16,14,2026-07-15,2026-07-02,2016
0.4616876244544983,aus,75,KXHIGHAUS-26JUL16,trained_gru_gaussian_residual,market,2026-07-16T20:00:00+00:00,2026-07-16,1,2026-07-16,2026-07-16,14,2026-07-15,2026-07-02,2016
0.4616876244544983,aus,75,KXHIGHAUS-26JUL16,trained_gru_gaussian_residual,market,2026-07-16T21:00:00+00:00,2026-07-16,1,2026-07-16,2026-07-16,14,2026-07-15,2026-07-02,2016
0.4616876244544983,aus,75,KXHIGHAUS-26JUL16,trained_gru_gaussian_residual,market,2026-07-16T22:00:00+00:00,2026-07-16,1,2026-07-16,2026-07-16,14,2026-07-15,2026-07-02,2016
0.4616876244544983,aus,75,KXHIGHAUS-26JUL16,trained_gru_gaussian_residual,market,2026-07-16T23:00:00+00:00,2026-07-16,1,2026-07-16,2026-07-16,14,2026-07-15,2026-07-02,2016
0.4616876244544983,aus,75,KXHIGHAUS-26JUL16,trained_gru_gaussian_residual,market,2026-07-17T00:00:00+00:00,2026-07-16,1,2026-07-16,2026-07-16,14,2026-07-15,2026-07-02,2016
0.4616876244544983,aus,75,KXHIGHAUS-26JUL16,trained_gru_gaussian_residual,market,2026-07-17T01:00:00+00:00,2026-07-16,1,2026-07-16,2026-07-16,14,2026-07-15,2026-07-02,2016
0.4616876244544983,aus,75,KXHIGHAUS-26JUL16,trained_gru_gaussian_residual,market,2026-07-17T02:00:00+00:00,2026-07-16,1,2026-07-16,2026-07-16,14,2026-07-15,2026-07-02,2016
0.4616876244544983,aus,75,KXHIGHAUS-26JUL16,trained_gru_gaussian_residual,market,2026-07-17T03:00:00+00:00,2026-07-16,1,2026-07-16,2026-07-16,14,2026-07-15,2026-07-02,2016
0.4616876244544983,aus,75,KXHIGHAUS-26JUL16,trained_gru_gaussian_residual,market,2026-07-17T04:00:00+00:00,2026-07-16,1,2026-07-16,2026-07-16,14,2026-07-15,2026-07-02,2016
0.4616876244544983,aus,75,KXHIGHAUS-26JUL16,trained_gru_gaussian_residual,market,2026-07-17T05:00:00+00:00,2026-07-16,1,2026-07-16,2026-07-16,14,2026-07-15,2026-07-02,2016
0.4616876244544983,den,75,KXHIGHDEN-26JUL16,trained_gru_gaussian_residual,market,2026-07-16T07:00:00+00:00,2026-07-16,1,2026-07-16,2026-07-16,14,2026-07-15,2026-07-02,2016
0.4616876244544983,den,75,KXHIGHDEN-26JUL16,trained_gru_gaussian_residual,market,2026-07-16T08:00:00+00:00,2026-07-16,1,2026-07-16,2026-07-16,14,2026-07-15,2026-07-02,2016
0.4616876244544983,den,75,KXHIGHDEN-26JUL16,trained_gru_gaussian_residual,market,2026-07-16T09:00:00+00:00,2026-07-16,1,2026-07-16,2026-07-16,14,2026-07-15,2026-07-02,2016
0.4616876244544983,den,75,KXHIGHDEN-26JUL16,trained_gru_gaussian_residual,market,2026-07-16T10:00:00+00:00,2026-07-16,1,2026-07-16,2026-07-16,14,2026-07-15,2026-07-02,2016
0.4616876244544983,den,75,KXHIGHDEN-26JUL16,trained_gru_gaussian_residual,market,2026-07-16T11:00:00+00:00,2026-07-16,1,2026-07-16,2026-07-16,14,2026-07-15,2026-07-02,2016
0.4616876244544983,den,75,KXHIGHDEN-26JUL16,trained_gru_gaussian_residual,market,2026-07-16T12:00:00+00:00,2026-07-16,1,2026-07-16,2026-07-16,14,2026-07-15,2026-07-02,2016
0.4616876244544983,den,75,KXHIGHDEN-26JUL16,trained_gru_gaussian_residual,market,2026-07-16T13:00:00+00:00,2026-07-16,1,2026-07-16,2026-07-16,14,2026-07-15,2026-07-02,2016
0.4616876244544983,den,75,KXHIGHDEN-26JUL16,trained_gru_gaussian_residual,market,2026-07-16T14:00:00+00:00,2026-07-16,1,2026-07-16,2026-07-16,14,2026-07-15,2026-07-02,2016
0.4616876244544983,den,75,KXHIGHDEN-26JUL16,trained_gru_gaussian_residual,market,2026-07-16T15:00:00+00:00,2026-07-16,1,2026-07-16,2026-07-16,14,2026-07-15,2026-07-02,2016
0.4616876244544983,den,75,KXHIGHDEN-26JUL16,trained_gru_gaussian_residual,market,2026-07-16T16:00:00+00:00,2026-07-16,1,2026-07-16,2026-07-16,14,2026-07-15,2026-07-02,2016
0.4616876244544983,den,75,KXHIGHDEN-26JUL16,trained_gru_gaussian_residual,market,2026-07-16T17:00:00+00:00,2026-07-16,1,2026-07-16,2026-07-16,14,2026-07-15,2026-07-02,2016
0.4616876244544983,den,75,KXHIGHDEN-26JUL16,trained_gru_gaussian_residual,market,2026-07-16T18:00:00+00:00,2026-07-16,1,2026-07-16,2026-07-16,14,2026-07-15,2026-07-02,2016
0.4616876244544983,den,75,KXHIGHDEN-26JUL16,trained_gru_gaussian_residual,market,2026-07-16T19:00:00+00:00,2026-07-16,1,2026-07-16,2026-07-16,14,2026-07-15,2026-07-02,2016
0.4616876244544983,den,75,KXHIGHDEN-26JUL16,trained_gru_gaussian_residual,market,2026-07-16T20:00:00+00:00,2026-07-16,1,2026-07-16,2026-07-16,14,2026-07-15,2026-07-02,2016
0.4616876244544983,den,75,KXHIGHDEN-26JUL16,trained_gru_gaussian_residual,market,2026-07-16T21:00:00+00:00,2026-07-16,1,2026-07-16,2026-07-16,14,2026-07-15,2026-07-02,2016
0.4616876244544983,den,75,KXHIGHDEN-26JUL16,trained_gru_gaussian_residual,market,2026-07-16T22:00:00+00:00,2026-07-16,1,2026-07-16,2026-07-16,14,2026-07-15,2026-07-02,2016
0.4616876244544983,den,75,KXHIGHDEN-26JUL16,trained_gru_gaussian_residual,market,2026-07-16T23:00:00+00:00,2026-07-16,1,2026-07-16,2026-07-16,14,2026-07-15,2026-07-02,2016
0.4616876244544983,den,75,KXHIGHDEN-26JUL16,trained_gru_gaussian_residual,market,2026-07-17T00:00:00+00:00,2026-07-16,1,2026-07-16,2026-07-16,14,2026-07-15,2026-07-02,2016
0.4616876244544983,den,75,KXHIGHDEN-26JUL16,trained_gru_gaussian_residual,market,2026-07-17T01:00:00+00:00,2026-07-16,1,2026-07-16,2026-07-16,14,2026-07-15,2026-07-02,2016
0.4616876244544983,den,75,KXHIGHDEN-26JUL16,trained_gru_gaussian_residual,market,2026-07-17T02:00:00+00:00,2026-07-16,1,2026-07-16,2026-07-16,14,2026-07-15,2026-07-02,2016
0.4616876244544983,den,75,KXHIGHDEN-26JUL16,trained_gru_gaussian_residual,market,2026-07-17T03:00:00+00:00,2026-07-16,1,2026-07-16,2026-07-16,14,2026-07-15,2026-07-02,2016
0.4616876244544983,den,75,KXHIGHDEN-26JUL16,trained_gru_gaussian_residual,market,2026-07-17T04:00:00+00:00,2026-07-16,1,2026-07-16,2026-07-16,14,2026-07-15,2026-07-02,2016
0.4616876244544983,den,75,KXHIGHDEN-26JUL16,trained_gru_gaussian_residual,market,2026-07-17T05:00:00+00:00,2026-07-16,1,2026-07-16,2026-07-16,14,2026-07-15,2026-07-02,2016
0.4616876244544983,den,75,KXHIGHDEN-26JUL16,trained_gru_gaussian_residual,market,2026-07-17T06:00:00+00:00,2026-07-16,1,2026-07-16,2026-07-16,14,2026-07-15,2026-07-02,2016
0.4616876244544983,la,75,KXHIGHLAX-26JUL16,trained_gru_gaussian_residual,market,2026-07-16T08:00:00+00:00,2026-07-16,1,2026-07-16,2026-07-16,14,2026-07-15,2026-07-02,2016
0.4616876244544983,la,75,KXHIGHLAX-26JUL16,trained_gru_gaussian_residual,market,2026-07-16T09:00:00+00:00,2026-07-16,1,2026-07-16,2026-07-16,14,2026-07-15,2026-07-02,2016
0.4616876244544983,la,75,KXHIGHLAX-26JUL16,trained_gru_gaussian_residual,market,2026-07-16T10:00:00+00:00,2026-07-16,1,2026-07-16,2026-07-16,14,2026-07-15,2026-07-02,2016
0.4616876244544983,la,75,KXHIGHLAX-26JUL16,trained_gru_gaussian_residual,market,2026-07-16T11:00:00+00:00,2026-07-16,1,2026-07-16,2026-07-16,14,2026-07-15,2026-07-02,2016
0.4616876244544983,la,75,KXHIGHLAX-26JUL16,trained_gru_gaussian_residual,market,2026-07-16T12:00:00+00:00,2026-07-16,1,2026-07-16,2026-07-16,14,2026-07-15,2026-07-02,2016
0.4616876244544983,la,75,KXHIGHLAX-26JUL16,trained_gru_gaussian_residual,market,2026-07-16T13:00:00+00:00,2026-07-16,1,2026-07-16,2026-07-16,14,2026-07-15,2026-07-02,2016
0.4616876244544983,la,75,KXHIGHLAX-26JUL16,trained_gru_gaussian_residual,market,2026-07-16T14:00:00+00:00,2026-07-16,1,2026-07-16,2026-07-16,14,2026-07-15,2026-07-02,2016
0.4616876244544983,la,75,KXHIGHLAX-26JUL16,trained_gru_gaussian_residual,market,2026-07-16T15:00:00+00:00,2026-07-16,1,2026-07-16,2026-07-16,14,2026-07-15,2026-07-02,2016
0.4616876244544983,la,75,KXHIGHLAX-26JUL16,trained_gru_gaussian_residual,market,2026-07-16T16:00:00+00:00,2026-07-16,1,2026-07-16,2026-07-16,14,2026-07-15,2026-07-02,2016
0.4616876244544983,la,75,KXHIGHLAX-26JUL16,trained_gru_gaussian_residual,market,2026-07-16T17:00:00+00:00,2026-07-16,1,2026-07-16,2026-07-16,14,2026-07-15,2026-07-02,2016
0.4616876244544983,la,75,KXHIGHLAX-26JUL16,trained_gru_gaussian_residual,market,2026-07-16T18:00:00+00:00,2026-07-16,1,2026-07-16,2026-07-16,14,2026-07-15,2026-07-02,2016
0.4616876244544983,la,75,KXHIGHLAX-26JUL16,trained_gru_gaussian_residual,market,2026-07-16T19:00:00+00:00,2026-07-16,1,2026-07-16,2026-07-16,14,2026-07-15,2026-07-02,2016
0.4616876244544983,la,75,KXHIGHLAX-26JUL16,trained_gru_gaussian_residual,market,2026-07-16T20:00:00+00:00,2026-07-16,1,2026-07-16,2026-07-16,14,2026-07-15,2026-07-02,2016
0.4616876244544983,la,75,KXHIGHLAX-26JUL16,trained_gru_gaussian_residual,market,2026-07-16T21:00:00+00:00,2026-07-16,1,2026-07-16,2026-07-16,14,2026-07-15,2026-07-02,2016
0.4616876244544983,la,75,KXHIGHLAX-26JUL16,trained_gru_gaussian_residual,market,2026-07-16T22:00:00+00:00,2026-07-16,1,2026-07-16,2026-07-16,14,2026-07-15,2026-07-02,2016
0.4616876244544983,la,75,KXHIGHLAX-26JUL16,trained_gru_gaussian_residual,market,2026-07-16T23:00:00+00:00,2026-07-16,1,2026-07-16,2026-07-16,14,2026-07-15,2026-07-02,2016
0.4616876244544983,la,75,KXHIGHLAX-26JUL16,trained_gru_gaussian_residual,market,2026-07-17T00:00:00+00:00,2026-07-16,1,2026-07-16,2026-07-16,14,2026-07-15,2026-07-02,2016
0.4616876244544983,la,75,KXHIGHLAX-26JUL16,trained_gru_gaussian_residual,market,2026-07-17T01:00:00+00:00,2026-07-16,1,2026-07-16,2026-07-16,14,2026-07-15,2026-07-02,2016
0.4616876244544983,la,75,KXHIGHLAX-26JUL16,trained_gru_gaussian_residual,market,2026-07-17T02:00:00+00:00,2026-07-16,1,2026-07-16,2026-07-16,14,2026-07-15,2026-07-02,2016
0.4616876244544983,la,75,KXHIGHLAX-26JUL16,trained_gru_gaussian_residual,market,2026-07-17T03:00:00+00:00,2026-07-16,1,2026-07-16,2026-07-16,14,2026-07-15,2026-07-02,2016
0.4616876244544983,la,75,KXHIGHLAX-26JUL16,trained_gru_gaussian_residual,market,2026-07-17T04:00:00+00:00,2026-07-16,1,2026-07-16,2026-07-16,14,2026-07-15,2026-07-02,2016
0.4616876244544983,la,75,KXHIGHLAX-26JUL16,trained_gru_gaussian_residual,market,2026-07-17T05:00:00+00:00,2026-07-16,1,2026-07-16,2026-07-16,14,2026-07-15,2026-07-02,2016
0.4616876244544983,la,75,KXHIGHLAX-26JUL16,trained_gru_gaussian_residual,market,2026-07-17T06:00:00+00:00,2026-07-16,1,2026-07-16,2026-07-16,14,2026-07-15,2026-07-02,2016
0.4616876244544983,la,75,KXHIGHLAX-26JUL16,trained_gru_gaussian_residual,market,2026-07-17T07:00:00+00:00,2026-07-16,1,2026-07-16,2026-07-16,14,2026-07-15,2026-07-02,2016
0.4616876244544983,mia,75,KXHIGHMIA-26JUL16,trained_gru_gaussian_residual,market,2026-07-16T05:00:00+00:00,2026-07-16,1,2026-07-16,2026-07-16,14,2026-07-15,2026-07-02,2016
0.4616876244544983,mia,75,KXHIGHMIA-26JUL16,trained_gru_gaussian_residual,market,2026-07-16T06:00:00+00:00,2026-07-16,1,2026-07-16,2026-07-16,14,2026-07-15,2026-07-02,2016
0.4616876244544983,mia,75,KXHIGHMIA-26JUL16,trained_gru_gaussian_residual,market,2026-07-16T07:00:00+00:00,2026-07-16,1,2026-07-16,2026-07-16,14,2026-07-15,2026-07-02,2016
0.4616876244544983,mia,75,KXHIGHMIA-26JUL16,trained_gru_gaussian_residual,market,2026-07-16T08:00:00+00:00,2026-07-16,1,2026-07-16,2026-07-16,14,2026-07-15,2026-07-02,2016
0.4616876244544983,mia,75,KXHIGHMIA-26JUL16,trained_gru_gaussian_residual,market,2026-07-16T09:00:00+00:00,2026-07-16,1,2026-07-16,2026-07-16,14,2026-07-15,2026-07-02,2016
0.4616876244544983,mia,75,KXHIGHMIA-26JUL16,trained_gru_gaussian_residual,market,2026-07-16T10:00:00+00:00,2026-07-16,1,2026-07-16,2026-07-16,14,2026-07-15,2026-07-02,2016
0.4616876244544983,mia,75,KXHIGHMIA-26JUL16,trained_gru_gaussian_residual,market,2026-07-16T11:00:00+00:00,2026-07-16,1,2026-07-16,2026-07-16,14,2026-07-15,2026-07-02,2016
0.4616876244544983,mia,75,KXHIGHMIA-26JUL16,trained_gru_gaussian_residual,market,2026-07-16T12:00:00+00:00,2026-07-16,1,2026-07-16,2026-07-16,14,2026-07-15,2026-07-02,2016
0.4616876244544983,mia,75,KXHIGHMIA-26JUL16,trained_gru_gaussian_residual,market,2026-07-16T13:00:00+00:00,2026-07-16,1,2026-07-16,2026-07-16,14,2026-07-15,2026-07-02,2016
0.4616876244544983,mia,75,KXHIGHMIA-26JUL16,trained_gru_gaussian_residual,market,2026-07-16T14:00:00+00:00,2026-07-16,1,2026-07-16,2026-07-16,14,2026-07-15,2026-07-02,2016
0.4616876244544983,mia,75,KXHIGHMIA-26JUL16,trained_gru_gaussian_residual,market,2026-07-16T15:00:00+00:00,2026-07-16,1,2026-07-16,2026-07-16,14,2026-07-15,2026-07-02,2016
0.4616876244544983,mia,75,KXHIGHMIA-26JUL16,trained_gru_gaussian_residual,market,2026-07-16T16:00:00+00:00,2026-07-16,1,2026-07-16,2026-07-16,14,2026-07-15,2026-07-02,2016
0.4616876244544983,mia,75,KXHIGHMIA-26JUL16,trained_gru_gaussian_residual,market,2026-07-16T17:00:00+00:00,2026-07-16,1,2026-07-16,2026-07-16,14,2026-07-15,2026-07-02,2016
0.4616876244544983,mia,75,KXHIGHMIA-26JUL16,trained_gru_gaussian_residual,market,2026-07-16T18:00:00+00:00,2026-07-16,1,2026-07-16,2026-07-16,14,2026-07-15,2026-07-02,2016
0.4616876244544983,mia,75,KXHIGHMIA-26JUL16,trained_gru_gaussian_residual,market,2026-07-16T19:00:00+00:00,2026-07-16,1,2026-07-16,2026-07-16,14,2026-07-15,2026-07-02,2016
0.4616876244544983,mia,75,KXHIGHMIA-26JUL16,trained_gru_gaussian_residual,market,2026-07-16T20:00:00+00:00,2026-07-16,1,2026-07-16,2026-07-16,14,2026-07-15,2026-07-02,2016
0.4616876244544983,mia,75,KXHIGHMIA-26JUL16,trained_gru_gaussian_residual,market,2026-07-16T21:00:00+00:00,2026-07-16,1,2026-07-16,2026-07-16,14,2026-07-15,2026-07-02,2016
0.4616876244544983,mia,75,KXHIGHMIA-26JUL16,trained_gru_gaussian_residual,market,2026-07-16T22:00:00+00:00,2026-07-16,1,2026-07-16,2026-07-16,14,2026-07-15,2026-07-02,2016
0.4616876244544983,mia,75,KXHIGHMIA-26JUL16,trained_gru_gaussian_residual,market,2026-07-16T23:00:00+00:00,2026-07-16,1,2026-07-16,2026-07-16,14,2026-07-15,2026-07-02,2016
0.4616876244544983,mia,75,KXHIGHMIA-26JUL16,trained_gru_gaussian_residual,market,2026-07-17T00:00:00+00:00,2026-07-16,1,2026-07-16,2026-07-16,14,2026-07-15,2026-07-02,2016
0.4616876244544983,mia,75,KXHIGHMIA-26JUL16,trained_gru_gaussian_residual,market,2026-07-17T01:00:00+00:00,2026-07-16,1,2026-07-16,2026-07-16,14,2026-07-15,2026-07-02,2016
0.4616876244544983,mia,75,KXHIGHMIA-26JUL16,trained_gru_gaussian_residual,market,2026-07-17T02:00:00+00:00,2026-07-16,1,2026-07-16,2026-07-16,14,2026-07-15,2026-07-02,2016
0.4616876244544983,mia,75,KXHIGHMIA-26JUL16,trained_gru_gaussian_residual,market,2026-07-17T03:00:00+00:00,2026-07-16,1,2026-07-16,2026-07-16,14,2026-07-15,2026-07-02,2016
0.4616876244544983,mia,75,KXHIGHMIA-26JUL16,trained_gru_gaussian_residual,market,2026-07-17T04:00:00+00:00,2026-07-16,1,2026-07-16,2026-07-16,14,2026-07-15,2026-07-02,2016
0.4616876244544983,nyc,75,KXHIGHNY-26JUL16,trained_gru_gaussian_residual,market,2026-07-16T05:00:00+00:00,2026-07-16,1,2026-07-16,2026-07-16,14,2026-07-15,2026-07-02,2016
0.4616876244544983,nyc,75,KXHIGHNY-26JUL16,trained_gru_gaussian_residual,market,2026-07-16T06:00:00+00:00,2026-07-16,1,2026-07-16,2026-07-16,14,2026-07-15,2026-07-02,2016
0.4616876244544983,nyc,75,KXHIGHNY-26JUL16,trained_gru_gaussian_residual,market,2026-07-16T07:00:00+00:00,2026-07-16,1,2026-07-16,2026-07-16,14,2026-07-15,2026-07-02,2016
0.4616876244544983,nyc,75,KXHIGHNY-26JUL16,trained_gru_gaussian_residual,market,2026-07-16T08:00:00+00:00,2026-07-16,1,2026-07-16,2026-07-16,14,2026-07-15,2026-07-02,2016
0.4616876244544983,nyc,75,KXHIGHNY-26JUL16,trained_gru_gaussian_residual,market,2026-07-16T09:00:00+00:00,2026-07-16,1,2026-07-16,2026-07-16,14,2026-07-15,2026-07-02,2016
0.4616876244544983,nyc,75,KXHIGHNY-26JUL16,trained_gru_gaussian_residual,market,2026-07-16T10:00:00+00:00,2026-07-16,1,2026-07-16,2026-07-16,14,2026-07-15,2026-07-02,2016
0.4616876244544983,nyc,75,KXHIGHNY-26JUL16,trained_gru_gaussian_residual,market,2026-07-16T11:00:00+00:00,2026-07-16,1,2026-07-16,2026-07-16,14,2026-07-15,2026-07-02,2016
0.4616876244544983,nyc,75,KXHIGHNY-26JUL16,trained_gru_gaussian_residual,market,2026-07-16T12:00:00+00:00,2026-07-16,1,2026-07-16,2026-07-16,14,2026-07-15,2026-07-02,2016
0.4616876244544983,nyc,75,KXHIGHNY-26JUL16,trained_gru_gaussian_residual,market,2026-07-16T13:00:00+00:00,2026-07-16,1,2026-07-16,2026-07-16,14,2026-07-15,2026-07-02,2016
0.4616876244544983,nyc,75,KXHIGHNY-26JUL16,trained_gru_gaussian_residual,market,2026-07-16T14:00:00+00:00,2026-07-16,1,2026-07-16,2026-07-16,14,2026-07-15,2026-07-02,2016
0.4616876244544983,nyc,75,KXHIGHNY-26JUL16,trained_gru_gaussian_residual,market,2026-07-16T15:00:00+00:00,2026-07-16,1,2026-07-16,2026-07-16,14,2026-07-15,2026-07-02,2016
0.4616876244544983,nyc,75,KXHIGHNY-26JUL16,trained_gru_gaussian_residual,market,2026-07-16T16:00:00+00:00,2026-07-16,1,2026-07-16,2026-07-16,14,2026-07-15,2026-07-02,2016
0.4616876244544983,nyc,75,KXHIGHNY-26JUL16,trained_gru_gaussian_residual,market,2026-07-16T17:00:00+00:00,2026-07-16,1,2026-07-16,2026-07-16,14,2026-07-15,2026-07-02,2016
0.4616876244544983,nyc,75,KXHIGHNY-26JUL16,trained_gru_gaussian_residual,market,2026-07-16T18:00:00+00:00,2026-07-16,1,2026-07-16,2026-07-16,14,2026-07-15,2026-07-02,2016
0.4616876244544983,nyc,75,KXHIGHNY-26JUL16,trained_gru_gaussian_residual,market,2026-07-16T19:00:00+00:00,2026-07-16,1,2026-07-16,2026-07-16,14,2026-07-15,2026-07-02,2016
0.4616876244544983,nyc,75,KXHIGHNY-26JUL16,trained_gru_gaussian_residual,market,2026-07-16T20:00:00+00:00,2026-07-16,1,2026-07-16,2026-07-16,14,2026-07-15,2026-07-02,2016
0.4616876244544983,nyc,75,KXHIGHNY-26JUL16,trained_gru_gaussian_residual,market,2026-07-16T21:00:00+00:00,2026-07-16,1,2026-07-16,2026-07-16,14,2026-07-15,2026-07-02,2016
0.4616876244544983,nyc,75,KXHIGHNY-26JUL16,trained_gru_gaussian_residual,market,2026-07-16T22:00:00+00:00,2026-07-16,1,2026-07-16,2026-07-16,14,2026-07-15,2026-07-02,2016
0.4616876244544983,nyc,75,KXHIGHNY-26JUL16,trained_gru_gaussian_residual,market,2026-07-16T23:00:00+00:00,2026-07-16,1,2026-07-16,2026-07-16,14,2026-07-15,2026-07-02,2016
0.4616876244544983,nyc,75,KXHIGHNY-26JUL16,trained_gru_gaussian_residual,market,2026-07-17T00:00:00+00:00,2026-07-16,1,2026-07-16,2026-07-16,14,2026-07-15,2026-07-02,2016
0.4616876244544983,nyc,75,KXHIGHNY-26JUL16,trained_gru_gaussian_residual,market,2026-07-17T01:00:00+00:00,2026-07-16,1,2026-07-16,2026-07-16,14,2026-07-15,2026-07-02,2016
0.4616876244544983,nyc,75,KXHIGHNY-26JUL16,trained_gru_gaussian_residual,market,2026-07-17T02:00:00+00:00,2026-07-16,1,2026-07-16,2026-07-16,14,2026-07-15,2026-07-02,2016
0.4616876244544983,nyc,75,KXHIGHNY-26JUL16,trained_gru_gaussian_residual,market,2026-07-17T03:00:00+00:00,2026-07-16,1,2026-07-16,2026-07-16,14,2026-07-15,2026-07-02,2016
0.4616876244544983,nyc,75,KXHIGHNY-26JUL16,trained_gru_gaussian_residual,market,2026-07-17T04:00:00+00:00,2026-07-16,1,2026-07-16,2026-07-16,14,2026-07-15,2026-07-02,2016
0.4616876244544983,okc,75,KXHIGHTOKC-26JUL16,trained_gru_gaussian_residual,market,2026-07-16T06:00:00+00:00,2026-07-16,1,2026-07-16,2026-07-16,14,2026-07-15,2026-07-02,2016
0.4616876244544983,okc,75,KXHIGHTOKC-26JUL16,trained_gru_gaussian_residual,market,2026-07-16T07:00:00+00:00,2026-07-16,1,2026-07-16,2026-07-16,14,2026-07-15,2026-07-02,2016
0.4616876244544983,okc,75,KXHIGHTOKC-26JUL16,trained_gru_gaussian_residual,market,2026-07-16T08:00:00+00:00,2026-07-16,1,2026-07-16,2026-07-16,14,2026-07-15,2026-07-02,2016
0.4616876244544983,okc,75,KXHIGHTOKC-26JUL16,trained_gru_gaussian_residual,market,2026-07-16T09:00:00+00:00,2026-07-16,1,2026-07-16,2026-07-16,14,2026-07-15,2026-07-02,2016
0.4616876244544983,okc,75,KXHIGHTOKC-26JUL16,trained_gru_gaussian_residual,market,2026-07-16T10:00:00+00:00,2026-07-16,1,2026-07-16,2026-07-16,14,2026-07-15,2026-07-02,2016
0.4616876244544983,okc,75,KXHIGHTOKC-26JUL16,trained_gru_gaussian_residual,market,2026-07-16T11:00:00+00:00,2026-07-16,1,2026-07-16,2026-07-16,14,2026-07-15,2026-07-02,2016
0.4616876244544983,okc,75,KXHIGHTOKC-26JUL16,trained_gru_gaussian_residual,market,2026-07-16T12:00:00+00:00,2026-07-16,1,2026-07-16,2026-07-16,14,2026-07-15,2026-07-02,2016
0.4616876244544983,okc,75,KXHIGHTOKC-26JUL16,trained_gru_gaussian_residual,market,2026-07-16T13:00:00+00:00,2026-07-16,1,2026-07-16,2026-07-16,14,2026-07-15,2026-07-02,2016
0.4616876244544983,okc,75,KXHIGHTOKC-26JUL16,trained_gru_gaussian_residual,market,2026-07-16T14:00:00+00:00,2026-07-16,1,2026-07-16,2026-07-16,14,2026-07-15,2026-07-02,2016
0.4616876244544983,okc,75,KXHIGHTOKC-26JUL16,trained_gru_gaussian_residual,market,2026-07-16T15:00:00+00:00,2026-07-16,1,2026-07-16,2026-07-16,14,2026-07-15,2026-07-02,2016
0.4616876244544983,okc,75,KXHIGHTOKC-26JUL16,trained_gru_gaussian_residual,market,2026-07-16T16:00:00+00:00,2026-07-16,1,2026-07-16,2026-07-16,14,2026-07-15,2026-07-02,2016
0.4616876244544983,okc,75,KXHIGHTOKC-26JUL16,trained_gru_gaussian_residual,market,2026-07-16T17:00:00+00:00,2026-07-16,1,2026-07-16,2026-07-16,14,2026-07-15,2026-07-02,2016
0.4616876244544983,okc,75,KXHIGHTOKC-26JUL16,trained_gru_gaussian_residual,market,2026-07-16T18:00:00+00:00,2026-07-16,1,2026-07-16,2026-07-16,14,2026-07-15,2026-07-02,2016
0.4616876244544983,okc,75,KXHIGHTOKC-26JUL16,trained_gru_gaussian_residual,market,2026-07-16T19:00:00+00:00,2026-07-16,1,2026-07-16,2026-07-16,14,2026-07-15,2026-07-02,2016
0.4616876244544983,okc,75,KXHIGHTOKC-26JUL16,trained_gru_gaussian_residual,market,2026-07-16T20:00:00+00:00,2026-07-16,1,2026-07-16,2026-07-16,14,2026-07-15,2026-07-02,2016
0.4616876244544983,okc,75,KXHIGHTOKC-26JUL16,trained_gru_gaussian_residual,market,2026-07-16T21:00:00+00:00,2026-07-16,1,2026-07-16,2026-07-16,14,2026-07-15,2026-07-02,2016
0.4616876244544983,okc,75,KXHIGHTOKC-26JUL16,trained_gru_gaussian_residual,market,2026-07-16T22:00:00+00:00,2026-07-16,1,2026-07-16,2026-07-16,14,2026-07-15,2026-07-02,2016
0.4616876244544983,okc,75,KXHIGHTOKC-26JUL16,trained_gru_gaussian_residual,market,2026-07-16T23:00:00+00:00,2026-07-16,1,2026-07-16,2026-07-16,14,2026-07-15,2026-07-02,2016
0.4616876244544983,okc,75,KXHIGHTOKC-26JUL16,trained_gru_gaussian_residual,market,2026-07-17T00:00:00+00:00,2026-07-16,1,2026-07-16,2026-07-16,14,2026-07-15,2026-07-02,2016
0.4616876244544983,okc,75,KXHIGHTOKC-26JUL16,trained_gru_gaussian_residual,market,2026-07-17T01:00:00+00:00,2026-07-16,1,2026-07-16,2026-07-16,14,2026-07-15,2026-07-02,2016
0.4616876244544983,okc,75,KXHIGHTOKC-26JUL16,trained_gru_gaussian_residual,market,2026-07-17T02:00:00+00:00,2026-07-16,1,2026-07-16,2026-07-16,14,2026-07-15,2026-07-02,2016
0.4616876244544983,okc,75,KXHIGHTOKC-26JUL16,trained_gru_gaussian_residual,market,2026-07-17T03:00:00+00:00,2026-07-16,1,2026-07-16,2026-07-16,14,2026-07-15,2026-07-02,2016
0.4616876244544983,okc,75,KXHIGHTOKC-26JUL16,trained_gru_gaussian_residual,market,2026-07-17T04:00:00+00:00,2026-07-16,1,2026-07-16,2026-07-16,14,2026-07-15,2026-07-02,2016
0.4616876244544983,okc,75,KXHIGHTOKC-26JUL16,trained_gru_gaussian_residual,market,2026-07-17T05:00:00+00:00,2026-07-16,1,2026-07-16,2026-07-16,14,2026-07-15,2026-07-02,2016
