city,contracts,edge,entry_price,event_ticker,market_ticker,model_probability,order_id,side,snapshot_hour_utc,target_date
aus,1.0,0.09578125420608391,0.06,KXHIGHAUS-26JUL02,KXHIGHAUS-26JUL02-B93.5,0.1557812542060839,paper-000001,buy_yes,2026-07-02 06:00:00+00:00,2026-07-02
okc,1.0,0.07135161299647691,0.41,KXHIGHTOKC-26JUL02,KXHIGHTOKC-26JUL02-B95.5,0.4813516129964769,paper-000002,buy_yes,2026-07-02 06:00:00+00:00,2026-07-02
den,1.0,0.05467036686610349,0.57,KXHIGHDEN-26JUL02,KXHIGHDEN-26JUL02-B89.5,0.6246703668661034,paper-000003,buy_yes,2026-07-02 18:00:00+00:00,2026-07-02
nyc,1.0,0.10734376261828277,0.36,KXHIGHNY-26JUL02,KXHIGHNY-26JUL02-B99.5,0.46734376261828275,paper-000004,buy_yes,2026-07-02 18:00:00+00:00,2026-07-02
mia,1.0,0.07691887347012205,0.27,KXHIGHMIA-26JUL03,KXHIGHMIA-26JUL03-B90.5,0.34691887347012207,paper-000005,buy_yes,2026-07-03 05:00:00+00:00,2026-07-03
nyc,1.0,0.06601916195697573,0.03,KXHIGHNY-26JUL03,KXHIGHNY-26JUL03-B104.5,0.09601916195697573,paper-000006,buy_yes,2026-07-03 05:00:00+00:00,2026-07-03
aus,1.0,0.07601916195697572,0.02,KXHIGHAUS-26JUL03,KXHIGHAUS-26JUL03-B100.5,0.09601916195697573,paper-000007,buy_yes,2026-07-03 06:00:00+00:00,2026-07-03
den,1.0,0.05991935337530631,0.03,KXHIGHDEN-26JUL03,KXHIGHDEN-26JUL03-T88,0.08991935337530631,paper-000008,buy_yes,2026-07-03 07:00:00+00:00,2026-07-03
la,1.0,0.0639622980890694,0.02,KXHIGHLAX-26JUL03,KXHIGHLAX-26JUL03-B69.5,0.08396229808906941,paper-000009,buy_yes,2026-07-03 08:00:00+00:00,2026-07-03
okc,1.0,0.0541660598286673,0.04,KXHIGHTOKC-26JUL03,KXHIGHTOKC-26JUL03-B99.5,0.0941660598286673,paper-000010,buy_yes,2026-07-03 12:00:00+00:00,2026-07-03
nyc,1.0,0.11413286542095823,0.02,KXHIGHNY-26JUL04,KXHIGHNY-26JUL04-B100.5,0.13413286542095823,paper-000011,buy_yes,2026-07-04 05:00:00+00:00,2026-07-04
aus,1.0,0.06887895511398466,0.02,KXHIGHAUS-26JUL04,KXHIGHAUS-26JUL04-B101.5,0.08887895511398466,paper-000012,buy_yes,2026-07-04 06:00:00+00:00,2026-07-04
okc,1.0,0.09826237294367163,0.2,KXHIGHTOKC-26JUL04,KXHIGHTOKC-26JUL04-B100.5,0.29826237294367164,paper-000013,buy_yes,2026-07-04 06:00:00+00:00,2026-07-04
den,1.0,0.054265862149131094,0.27,KXHIGHDEN-26JUL04,KXHIGHDEN-26JUL04-B87.5,0.3242658621491311,paper-000014,buy_yes,2026-07-04 07:00:00+00:00,2026-07-04
mia,1.0,0.08133409456164953,0.33,KXHIGHMIA-26JUL04,KXHIGHMIA-26JUL04-B90.5,0.41133409456164954,paper-000015,buy_yes,2026-07-04 07:00:00+00:00,2026-07-04
la,1.0,0.07932268959167804,0.03,KXHIGHLAX-26JUL04,KXHIGHLAX-26JUL04-B69.5,0.10932268959167804,paper-000016,buy_yes,2026-07-04 08:00:00+00:00,2026-07-04
mia,1.0,0.11868751535526878,0.58,KXHIGHMIA-26JUL05,KXHIGHMIA-26JUL05-B91.5,0.6986875153552687,paper-000017,buy_yes,2026-07-05 08:00:00+00:00,2026-07-05
aus,1.0,0.0936108088766931,0.4,KXHIGHAUS-26JUL05,KXHIGHAUS-26JUL05-B96.5,0.4936108088766931,paper-000018,buy_yes,2026-07-05 11:00:00+00:00,2026-07-05
la,1.0,0.11303358946710651,0.64,KXHIGHLAX-26JUL05,KXHIGHLAX-26JUL05-B74.5,0.7530335894671065,paper-000019,buy_yes,2026-07-05 17:00:00+00:00,2026-07-05
den,1.0,0.11689350765650386,0.73,KXHIGHDEN-26JUL05,KXHIGHDEN-26JUL05-B93.5,0.8468935076565038,paper-000020,buy_yes,2026-07-05 18:00:00+00:00,2026-07-05
aus,1.0,0.07161692783831286,0.51,KXHIGHAUS-26JUL06,KXHIGHAUS-26JUL06-B96.5,0.5816169278383129,paper-000021,buy_yes,2026-07-06 06:00:00+00:00,2026-07-06
okc,1.0,0.08875285302959746,0.39,KXHIGHTOKC-26JUL06,KXHIGHTOKC-26JUL06-B93.5,0.47875285302959747,paper-000022,buy_yes,2026-07-06 06:00:00+00:00,2026-07-06
den,1.0,0.10449132008430201,0.44,KXHIGHDEN-26JUL06,KXHIGHDEN-26JUL06-B96.5,0.544491320084302,paper-000023,buy_yes,2026-07-06 07:00:00+00:00,2026-07-06
mia,1.0,0.11278448062600432,0.52,KXHIGHMIA-26JUL06,KXHIGHMIA-26JUL06-B91.5,0.6327844806260043,paper-000024,buy_yes,2026-07-06 08:00:00+00:00,2026-07-06
la,1.0,0.09562666568345402,0.63,KXHIGHLAX-26JUL06,KXHIGHLAX-26JUL06-B74.5,0.725626665683454,paper-000025,buy_yes,2026-07-06 09:00:00+00:00,2026-07-06
nyc,1.0,0.06491516246198992,0.92,KXHIGHNY-26JUL07,KXHIGHNY-26JUL07-T75,0.98491516246199,paper-000026,buy_yes,2026-07-07 05:00:00+00:00,2026-07-07
aus,1.0,0.09631675299545739,0.4,KXHIGHAUS-26JUL07,KXHIGHAUS-26JUL07-B96.5,0.4963167529954574,paper-000027,buy_yes,2026-07-07 06:00:00+00:00,2026-07-07
okc,1.0,0.09589911256503447,0.38,KXHIGHTOKC-26JUL07,KXHIGHTOKC-26JUL07-B93.5,0.4758991125650345,paper-000028,buy_yes,2026-07-07 06:00:00+00:00,2026-07-07
den,1.0,0.06345465053392818,0.41,KXHIGHDEN-26JUL07,KXHIGHDEN-26JUL07-B95.5,0.47345465053392816,paper-000029,buy_yes,2026-07-07 09:00:00+00:00,2026-07-07
la,1.0,0.08959659545986753,0.41,KXHIGHLAX-26JUL07,KXHIGHLAX-26JUL07-T76,0.4995965954598675,paper-000030,buy_yes,2026-07-07 13:00:00+00:00,2026-07-07
mia,1.0,0.060138505819040566,0.72,KXHIGHMIA-26JUL07,KXHIGHMIA-26JUL07-B92.5,0.7801385058190405,paper-000031,buy_yes,2026-07-07 16:00:00+00:00,2026-07-07
nyc,1.0,0.07285347620557264,0.38,KXHIGHNY-26JUL08,KXHIGHNY-26JUL08-B80.5,0.45285347620557265,paper-000032,buy_yes,2026-07-08 07:00:00+00:00,2026-07-08
den,1.0,0.09366053449946121,0.36,KXHIGHDEN-26JUL08,KXHIGHDEN-26JUL08-B92.5,0.4536605344994612,paper-000033,buy_yes,2026-07-08 08:00:00+00:00,2026-07-08
okc,1.0,0.116627741227187,0.32,KXHIGHTOKC-26JUL08,KXHIGHTOKC-26JUL08-B97.5,0.436627741227187,paper-000034,buy_yes,2026-07-08 08:00:00+00:00,2026-07-08
la,1.0,0.07935563089112019,0.5,KXHIGHLAX-26JUL08,KXHIGHLAX-26JUL08-B75.5,0.5793556308911202,paper-000035,buy_yes,2026-07-08 18:00:00+00:00,2026-07-08
mia,1.0,0.0546989305869629,0.45,KXHIGHMIA-26JUL08,KXHIGHMIA-26JUL08-B91.5,0.5046989305869629,paper-000036,buy_yes,2026-07-08 19:00:00+00:00,2026-07-08
mia,1.0,0.06237143151916341,0.06,KXHIGHMIA-26JUL09,KXHIGHMIA-26JUL09-B90.5,0.12237143151916341,paper-000037,buy_yes,2026-07-09 05:00:00+00:00,2026-07-09
nyc,1.0,0.06589877392896465,0.07,KXHIGHNY-26JUL09,KXHIGHNY-26JUL09-B87.5,0.13589877392896466,paper-000038,buy_yes,2026-07-09 05:00:00+00:00,2026-07-09
okc,1.0,0.1097978042126383,0.31,KXHIGHTOKC-26JUL09,KXHIGHTOKC-26JUL09-B98.5,0.4197978042126383,paper-000039,buy_yes,2026-07-09 06:00:00+00:00,2026-07-09
den,1.0,0.11642448481507156,0.26,KXHIGHDEN-26JUL09,KXHIGHDEN-26JUL09-T91,0.37642448481507157,paper-000040,buy_yes,2026-07-09 09:00:00+00:00,2026-07-09
la,1.0,0.06777900878667709,0.24,KXHIGHLAX-26JUL09,KXHIGHLAX-26JUL09-B77.5,0.3077790087866771,paper-000041,buy_yes,2026-07-09 10:00:00+00:00,2026-07-09
aus,1.0,0.061788451709118994,0.06,KXHIGHAUS-26JUL09,KXHIGHAUS-26JUL09-B96.5,0.12178845170911899,paper-000042,buy_yes,2026-07-09 20:00:00+00:00,2026-07-09
aus,1.0,0.07197715146211464,0.34,KXHIGHAUS-26JUL10,KXHIGHAUS-26JUL10-B93.5,0.41197715146211467,paper-000043,buy_yes,2026-07-10 06:00:00+00:00,2026-07-10
den,1.0,0.10349692099874802,0.33,KXHIGHDEN-26JUL10,KXHIGHDEN-26JUL10-T91,0.43349692099874804,paper-000044,buy_yes,2026-07-10 07:00:00+00:00,2026-07-10
okc,1.0,0.05338102658619864,0.43,KXHIGHTOKC-26JUL10,KXHIGHTOKC-26JUL10-B98.5,0.48338102658619864,paper-000045,buy_yes,2026-07-10 07:00:00+00:00,2026-07-10
mia,1.0,0.051421781882468154,0.35,KXHIGHMIA-26JUL10,KXHIGHMIA-26JUL10-B93.5,0.40142178188246813,paper-000046,buy_yes,2026-07-10 08:00:00+00:00,2026-07-10
nyc,1.0,0.059421266215912164,0.08,KXHIGHNY-26JUL10,KXHIGHNY-26JUL10-B89.5,0.13942126621591217,paper-000047,buy_yes,2026-07-10 08:00:00+00:00,2026-07-10
la,1.0,0.11179142389762273,0.16,KXHIGHLAX-26JUL10,KXHIGHLAX-26JUL10-B76.5,0.27179142389762273,paper-000048,buy_yes,2026-07-10 16:00:00+00:00,2026-07-10
nyc,1.0,0.056428292009871595,0.31,KXHIGHNY-26JUL11,KXHIGHNY-26JUL11-T81,0.3664282920098716,paper-000049,buy_yes,2026-07-11 06:00:00+00:00,2026-07-11
okc,1.0,0.09248905469607,0.41,KXHIGHTOKC-26JUL11,KXHIGHTOKC-26JUL11-B95.5,0.50248905469607,paper-000050,buy_yes,2026-07-11 06:00:00+00:00,2026-07-11
aus,1.0,0.11001159834922225,0.35,KXHIGHAUS-26JUL11,KXHIGHAUS-26JUL11-T91,0.46001159834922223,paper-000051,buy_yes,2026-07-11 07:00:00+00:00,2026-07-11
la,1.0,0.052155515995133184,0.4,KXHIGHLAX-26JUL11,KXHIGHLAX-26JUL11-B75.5,0.4521555159951332,paper-000052,buy_yes,2026-07-11 08:00:00+00:00,2026-07-11
den,1.0,0.09860921314647027,0.11,KXHIGHDEN-26JUL11,KXHIGHDEN-26JUL11-B93.5,0.20860921314647027,paper-000053,buy_yes,2026-07-11 10:00:00+00:00,2026-07-11
mia,1.0,0.10911082964068103,0.37,KXHIGHMIA-26JUL11,KXHIGHMIA-26JUL11-B91.5,0.479110829640681,paper-000054,buy_yes,2026-07-11 14:00:00+00:00,2026-07-11
mia,1.0,0.0641785104487505,0.46,KXHIGHMIA-26JUL12,KXHIGHMIA-26JUL12-B92.5,0.5241785104487505,paper-000055,buy_yes,2026-07-12 05:00:00+00:00,2026-07-12
aus,1.0,0.09004109973170266,0.3,KXHIGHAUS-26JUL12,KXHIGHAUS-26JUL12-B92.5,0.39004109973170265,paper-000056,buy_yes,2026-07-12 06:00:00+00:00,2026-07-12
nyc,1.0,0.05492903329508786,0.34,KXHIGHNY-26JUL12,KXHIGHNY-26JUL12-B84.5,0.3949290332950879,paper-000057,buy_yes,2026-07-12 06:00:00+00:00,2026-07-12
okc,1.0,0.08166017368332407,0.14,KXHIGHTOKC-26JUL12,KXHIGHTOKC-26JUL12-B92.5,0.22166017368332408,paper-000058,buy_yes,2026-07-12 06:00:00+00:00,2026-07-12
den,1.0,0.07555698437300296,0.33,KXHIGHDEN-26JUL12,KXHIGHDEN-26JUL12-B96.5,0.40555698437300297,paper-000059,buy_yes,2026-07-12 07:00:00+00:00,2026-07-12
la,1.0,0.08822166438181217,0.18,KXHIGHLAX-26JUL12,KXHIGHLAX-26JUL12-B74.5,0.26822166438181216,paper-000060,buy_yes,2026-07-12 09:00:00+00:00,2026-07-12
aus,1.0,0.09128166137996552,0.35,KXHIGHAUS-26JUL13,KXHIGHAUS-26JUL13-B93.5,0.4412816613799655,paper-000061,buy_yes,2026-07-13 08:00:00+00:00,2026-07-13
den,1.0,0.11998990575218466,0.41,KXHIGHDEN-26JUL13,KXHIGHDEN-26JUL13-B95.5,0.5299899057521846,paper-000062,buy_yes,2026-07-13 08:00:00+00:00,2026-07-13
mia,1.0,0.09963229430181142,0.37,KXHIGHMIA-26JUL13,KXHIGHMIA-26JUL13-B92.5,0.4696322943018114,paper-000063,buy_yes,2026-07-13 08:00:00+00:00,2026-07-13
