checkpoint,city,closing_mid,clv,contracts,edge,entry_price,entry_time_utc,event_ticker,hit,market_ticker,model_probability,order_id,pnl,roi,settlement_value,target_date,winner_ticker
utc_06,aus,0.00490196078431373,-0.05509803921568627,1.0,0.09578125420608391,0.06,2026-07-02 06:00:00+00:00,KXHIGHAUS-26JUL02,0.0,KXHIGHAUS-26JUL02-B93.5,0.1557812542060839,paper-000001,-0.06,-1.0,0.0,2026-07-02,KXHIGHAUS-26JUL02-B95.5
utc_06,okc,0.975490196078431,0.5654901960784311,1.0,0.07135161299647691,0.41,2026-07-02 06:00:00+00:00,KXHIGHTOKC-26JUL02,1.0,KXHIGHTOKC-26JUL02-B95.5,0.4813516129964769,paper-000002,0.5900000000000001,1.4390243902439028,1.0,2026-07-02,KXHIGHTOKC-26JUL02-B95.5
utc_18,den,0.975490196078431,0.40549019607843106,1.0,0.05467036686610349,0.57,2026-07-02 18:00:00+00:00,KXHIGHDEN-26JUL02,1.0,KXHIGHDEN-26JUL02-B89.5,0.6246703668661034,paper-000003,0.43000000000000005,0.7543859649122808,1.0,2026-07-02,KXHIGHDEN-26JUL02-B89.5
utc_18,nyc,0.975490196078431,0.615490196078431,1.0,0.10734376261828277,0.36,2026-07-02 18:00:00+00:00,KXHIGHNY-26JUL02,1.0,KXHIGHNY-26JUL02-B99.5,0.46734376261828275,paper-000004,0.64,1.777777777777778,1.0,2026-07-02,KXHIGHNY-26JUL02-B99.5
utc_05,mia,0.975490196078431,0.705490196078431,1.0,0.07691887347012205,0.27,2026-07-03 05:00:00+00:00,KXHIGHMIA-26JUL03,1.0,KXHIGHMIA-26JUL03-B90.5,0.34691887347012207,paper-000005,0.73,2.7037037037037033,1.0,2026-07-03,KXHIGHMIA-26JUL03-B90.5
utc_05,nyc,0.00490196078431373,-0.02509803921568627,1.0,0.06601916195697573,0.03,2026-07-03 05:00:00+00:00,KXHIGHNY-26JUL03,0.0,KXHIGHNY-26JUL03-B104.5,0.09601916195697573,paper-000006,-0.03,-1.0,0.0,2026-07-03,KXHIGHNY-26JUL03-B98.5
utc_06,aus,0.00490196078431373,-0.015098039215686272,1.0,0.07601916195697572,0.02,2026-07-03 06:00:00+00:00,KXHIGHAUS-26JUL03,0.0,KXHIGHAUS-26JUL03-B100.5,0.09601916195697573,paper-000007,-0.02,-1.0,0.0,2026-07-03,KXHIGHAUS-26JUL03-B98.5
utc_07,den,0.00490196078431373,-0.02509803921568627,1.0,0.05991935337530631,0.03,2026-07-03 07:00:00+00:00,KXHIGHDEN-26JUL03,0.0,KXHIGHDEN-26JUL03-T88,0.08991935337530631,paper-000008,-0.03,-1.0,0.0,2026-07-03,KXHIGHDEN-26JUL03-B90.5
utc_08,la,0.00490196078431373,-0.015098039215686272,1.0,0.0639622980890694,0.02,2026-07-03 08:00:00+00:00,KXHIGHLAX-26JUL03,0.0,KXHIGHLAX-26JUL03-B69.5,0.08396229808906941,paper-000009,-0.02,-1.0,0.0,2026-07-03,KXHIGHLAX-26JUL03-B73.5
utc_12,okc,0.00490196078431373,-0.03509803921568627,1.0,0.0541660598286673,0.04,2026-07-03 12:00:00+00:00,KXHIGHTOKC-26JUL03,0.0,KXHIGHTOKC-26JUL03-B99.5,0.0941660598286673,paper-000010,-0.04,-1.0,0.0,2026-07-03,KXHIGHTOKC-26JUL03-B95.5
utc_05,nyc,0.00490196078431373,-0.015098039215686272,1.0,0.11413286542095823,0.02,2026-07-04 05:00:00+00:00,KXHIGHNY-26JUL04,0.0,KXHIGHNY-26JUL04-B100.5,0.13413286542095823,paper-000011,-0.02,-1.0,0.0,2026-07-04,KXHIGHNY-26JUL04-T98
utc_06,aus,0.00490196078431373,-0.015098039215686272,1.0,0.06887895511398466,0.02,2026-07-04 06:00:00+00:00,KXHIGHAUS-26JUL04,0.0,KXHIGHAUS-26JUL04-B101.5,0.08887895511398466,paper-000012,-0.02,-1.0,0.0,2026-07-04,KXHIGHAUS-26JUL04-B97.5
utc_06,okc,0.975490196078431,0.7754901960784311,1.0,0.09826237294367163,0.2,2026-07-04 06:00:00+00:00,KXHIGHTOKC-26JUL04,1.0,KXHIGHTOKC-26JUL04-B100.5,0.29826237294367164,paper-000013,0.8,4.0,1.0,2026-07-04,KXHIGHTOKC-26JUL04-B100.5
utc_07,den,0.00495049504950495,-0.26504950495049506,1.0,0.054265862149131094,0.27,2026-07-04 07:00:00+00:00,KXHIGHDEN-26JUL04,0.0,KXHIGHDEN-26JUL04-B87.5,0.3242658621491311,paper-000014,-0.27,-1.0,0.0,2026-07-04,KXHIGHDEN-26JUL04-B91.5
utc_07,mia,0.00490196078431373,-0.3250980392156863,1.0,0.08133409456164953,0.33,2026-07-04 07:00:00+00:00,KXHIGHMIA-26JUL04,0.0,KXHIGHMIA-26JUL04-B90.5,0.41133409456164954,paper-000015,-0.33,-1.0,0.0,2026-07-04,KXHIGHMIA-26JUL04-B92.5
utc_08,la,0.00490196078431373,-0.02509803921568627,1.0,0.07932268959167804,0.03,2026-07-04 08:00:00+00:00,KXHIGHLAX-26JUL04,0.0,KXHIGHLAX-26JUL04-B69.5,0.10932268959167804,paper-000016,-0.03,-1.0,0.0,2026-07-04,KXHIGHLAX-26JUL04-T74
utc_08,mia,0.00490196078431373,-0.5750980392156863,1.0,0.11868751535526878,0.58,2026-07-05 08:00:00+00:00,KXHIGHMIA-26JUL05,0.0,KXHIGHMIA-26JUL05-B91.5,0.6986875153552687,paper-000017,-0.58,-1.0,0.0,2026-07-05,KXHIGHMIA-26JUL05-B93.5
utc_11,aus,0.975490196078431,0.575490196078431,1.0,0.0936108088766931,0.4,2026-07-05 11:00:00+00:00,KXHIGHAUS-26JUL05,1.0,KXHIGHAUS-26JUL05-B96.5,0.4936108088766931,paper-000018,0.6,1.4999999999999998,1.0,2026-07-05,KXHIGHAUS-26JUL05-B96.5
utc_17,la,0.975490196078431,0.335490196078431,1.0,0.11303358946710651,0.64,2026-07-05 17:00:00+00:00,KXHIGHLAX-26JUL05,1.0,KXHIGHLAX-26JUL05-B74.5,0.7530335894671065,paper-000019,0.36,0.5625,1.0,2026-07-05,KXHIGHLAX-26JUL05-B74.5
utc_18,den,0.00490196078431373,-0.7250980392156863,1.0,0.11689350765650386,0.73,2026-07-05 18:00:00+00:00,KXHIGHDEN-26JUL05,0.0,KXHIGHDEN-26JUL05-B93.5,0.8468935076565038,paper-000020,-0.73,-1.0,0.0,2026-07-05,KXHIGHDEN-26JUL05-T94
utc_06,aus,0.00490196078431373,-0.5050980392156863,1.0,0.07161692783831286,0.51,2026-07-06 06:00:00+00:00,KXHIGHAUS-26JUL06,0.0,KXHIGHAUS-26JUL06-B96.5,0.5816169278383129,paper-000021,-0.51,-1.0,0.0,2026-07-06,KXHIGHAUS-26JUL06-B98.5
utc_06,okc,0.00490196078431373,-0.3850980392156863,1.0,0.08875285302959746,0.39,2026-07-06 06:00:00+00:00,KXHIGHTOKC-26JUL06,0.0,KXHIGHTOKC-26JUL06-B93.5,0.47875285302959747,paper-000022,-0.39,-1.0,0.0,2026-07-06,KXHIGHTOKC-26JUL06-T93
utc_07,den,0.975490196078431,0.5354901960784311,1.0,0.10449132008430201,0.44,2026-07-06 07:00:00+00:00,KXHIGHDEN-26JUL06,1.0,KXHIGHDEN-26JUL06-B96.5,0.544491320084302,paper-000023,0.56,1.272727272727273,1.0,2026-07-06,KXHIGHDEN-26JUL06-B96.5
utc_08,mia,0.0643564356435644,-0.4556435643564356,1.0,0.11278448062600432,0.52,2026-07-06 08:00:00+00:00,KXHIGHMIA-26JUL06,0.0,KXHIGHMIA-26JUL06-B91.5,0.6327844806260043,paper-000024,-0.52,-1.0,0.0,2026-07-06,KXHIGHMIA-26JUL06-B93.5
utc_09,la,0.975490196078431,0.345490196078431,1.0,0.09562666568345402,0.63,2026-07-06 09:00:00+00:00,KXHIGHLAX-26JUL06,1.0,KXHIGHLAX-26JUL06-B74.5,0.725626665683454,paper-000025,0.37,0.5873015873015873,1.0,2026-07-06,KXHIGHLAX-26JUL06-B74.5
utc_05,nyc,0.975490196078431,0.055490196078430976,1.0,0.06491516246198992,0.92,2026-07-07 05:00:00+00:00,KXHIGHNY-26JUL07,1.0,KXHIGHNY-26JUL07-T75,0.98491516246199,paper-000026,0.07999999999999996,0.08695652173913039,1.0,2026-07-07,KXHIGHNY-26JUL07-T75
utc_06,aus,0.00490196078431373,-0.3950980392156863,1.0,0.09631675299545739,0.4,2026-07-07 06:00:00+00:00,KXHIGHAUS-26JUL07,0.0,KXHIGHAUS-26JUL07-B96.5,0.4963167529954574,paper-000027,-0.4,-1.0,0.0,2026-07-07,KXHIGHAUS-26JUL07-B98.5
utc_06,okc,0.975490196078431,0.595490196078431,1.0,0.09589911256503447,0.38,2026-07-07 06:00:00+00:00,KXHIGHTOKC-26JUL07,1.0,KXHIGHTOKC-26JUL07-B93.5,0.4758991125650345,paper-000028,0.62,1.631578947368421,1.0,2026-07-07,KXHIGHTOKC-26JUL07-B93.5
utc_09,den,0.00490196078431373,-0.40509803921568627,1.0,0.06345465053392818,0.41,2026-07-07 09:00:00+00:00,KXHIGHDEN-26JUL07,0.0,KXHIGHDEN-26JUL07-B95.5,0.47345465053392816,paper-000029,-0.41,-1.0,0.0,2026-07-07,KXHIGHDEN-26JUL07-T96
utc_13,la,0.00490196078431373,-0.40509803921568627,1.0,0.08959659545986753,0.41,2026-07-07 13:00:00+00:00,KXHIGHLAX-26JUL07,0.0,KXHIGHLAX-26JUL07-T76,0.4995965954598675,paper-000030,-0.41,-1.0,0.0,2026-07-07,KXHIGHLAX-26JUL07-B73.5
utc_16,mia,0.975490196078431,0.25549019607843104,1.0,0.060138505819040566,0.72,2026-07-07 16:00:00+00:00,KXHIGHMIA-26JUL07,1.0,KXHIGHMIA-26JUL07-B92.5,0.7801385058190405,paper-000031,0.28,0.38888888888888895,1.0,2026-07-07,KXHIGHMIA-26JUL07-B92.5
utc_07,nyc,0.00490196078431373,-0.3750980392156863,1.0,0.07285347620557264,0.38,2026-07-08 07:00:00+00:00,KXHIGHNY-26JUL08,0.0,KXHIGHNY-26JUL08-B80.5,0.45285347620557265,paper-000032,-0.38,-1.0,0.0,2026-07-08,KXHIGHNY-26JUL08-T83
utc_08,den,0.00490196078431373,-0.3550980392156863,1.0,0.09366053449946121,0.36,2026-07-08 08:00:00+00:00,KXHIGHDEN-26JUL08,0.0,KXHIGHDEN-26JUL08-B92.5,0.4536605344994612,paper-000033,-0.36,-1.0,0.0,2026-07-08,KXHIGHDEN-26JUL08-T93
utc_08,okc,0.950980392156863,0.6309803921568631,1.0,0.116627741227187,0.32,2026-07-08 08:00:00+00:00,KXHIGHTOKC-26JUL08,1.0,KXHIGHTOKC-26JUL08-B97.5,0.436627741227187,paper-000034,0.6799999999999999,2.1249999999999996,1.0,2026-07-08,KXHIGHTOKC-26JUL08-B97.5
utc_18,la,0.00490196078431373,-0.4950980392156863,1.0,0.07935563089112019,0.5,2026-07-08 18:00:00+00:00,KXHIGHLAX-26JUL08,0.0,KXHIGHLAX-26JUL08-B75.5,0.5793556308911202,paper-000035,-0.5,-1.0,0.0,2026-07-08,KXHIGHLAX-26JUL08-B73.5
utc_19,mia,0.975490196078431,0.5254901960784311,1.0,0.0546989305869629,0.45,2026-07-08 19:00:00+00:00,KXHIGHMIA-26JUL08,1.0,KXHIGHMIA-26JUL08-B91.5,0.5046989305869629,paper-000036,0.55,1.2222222222222223,1.0,2026-07-08,KXHIGHMIA-26JUL08-B91.5
utc_05,mia,0.00490196078431373,-0.05509803921568627,1.0,0.06237143151916341,0.06,2026-07-09 05:00:00+00:00,KXHIGHMIA-26JUL09,0.0,KXHIGHMIA-26JUL09-B90.5,0.12237143151916341,paper-000037,-0.06,-1.0,0.0,2026-07-09,KXHIGHMIA-26JUL09-B92.5
utc_05,nyc,0.00490196078431373,-0.06509803921568627,1.0,0.06589877392896465,0.07,2026-07-09 05:00:00+00:00,KXHIGHNY-26JUL09,0.0,KXHIGHNY-26JUL09-B87.5,0.13589877392896466,paper-000038,-0.07,-1.0,0.0,2026-07-09,KXHIGHNY-26JUL09-T83
utc_06,okc,0.975490196078431,0.665490196078431,1.0,0.1097978042126383,0.31,2026-07-09 06:00:00+00:00,KXHIGHTOKC-26JUL09,1.0,KXHIGHTOKC-26JUL09-B98.5,0.4197978042126383,paper-000039,0.69,2.225806451612903,1.0,2026-07-09,KXHIGHTOKC-26JUL09-B98.5
utc_09,den,0.00490196078431373,-0.2550980392156863,1.0,0.11642448481507156,0.26,2026-07-09 09:00:00+00:00,KXHIGHDEN-26JUL09,0.0,KXHIGHDEN-26JUL09-T91,0.37642448481507157,paper-000040,-0.26,-1.0,0.0,2026-07-09,KXHIGHDEN-26JUL09-B90.5
utc_10,la,0.00490196078431373,-0.23509803921568626,1.0,0.06777900878667709,0.24,2026-07-09 10:00:00+00:00,KXHIGHLAX-26JUL09,0.0,KXHIGHLAX-26JUL09-B77.5,0.3077790087866771,paper-000041,-0.24,-1.0,0.0,2026-07-09,KXHIGHLAX-26JUL09-B73.5
utc_20,aus,0.00490196078431373,-0.05509803921568627,1.0,0.061788451709118994,0.06,2026-07-09 20:00:00+00:00,KXHIGHAUS-26JUL09,0.0,KXHIGHAUS-26JUL09-B96.5,0.12178845170911899,paper-000042,-0.06,-1.0,0.0,2026-07-09,KXHIGHAUS-26JUL09-B98.5
utc_06,aus,0.00490196078431373,-0.3350980392156863,1.0,0.07197715146211464,0.34,2026-07-10 06:00:00+00:00,KXHIGHAUS-26JUL10,0.0,KXHIGHAUS-26JUL10-B93.5,0.41197715146211467,paper-000043,-0.34,-1.0,0.0,2026-07-10,KXHIGHAUS-26JUL10-B95.5
utc_07,den,0.00490196078431373,-0.3250980392156863,1.0,0.10349692099874802,0.33,2026-07-10 07:00:00+00:00,KXHIGHDEN-26JUL10,0.0,KXHIGHDEN-26JUL10-T91,0.43349692099874804,paper-000044,-0.33,-1.0,0.0,2026-07-10,KXHIGHDEN-26JUL10-B88.5
utc_07,okc,0.00490196078431373,-0.4250980392156863,1.0,0.05338102658619864,0.43,2026-07-10 07:00:00+00:00,KXHIGHTOKC-26JUL10,0.0,KXHIGHTOKC-26JUL10-B98.5,0.48338102658619864,paper-000045,-0.43,-1.0,0.0,2026-07-10,KXHIGHTOKC-26JUL10-T98
utc_08,mia,0.975490196078431,0.625490196078431,1.0,0.051421781882468154,0.35,2026-07-10 08:00:00+00:00,KXHIGHMIA-26JUL10,1.0,KXHIGHMIA-26JUL10-B93.5,0.40142178188246813,paper-000046,0.65,1.8571428571428574,1.0,2026-07-10,KXHIGHMIA-26JUL10-B93.5
utc_08,nyc,0.00490196078431373,-0.07509803921568627,1.0,0.059421266215912164,0.08,2026-07-10 08:00:00+00:00,KXHIGHNY-26JUL10,0.0,KXHIGHNY-26JUL10-B89.5,0.13942126621591217,paper-000047,-0.08,-1.0,0.0,2026-07-10,KXHIGHNY-26JUL10-T87
utc_16,la,0.00490196078431373,-0.15509803921568627,1.0,0.11179142389762273,0.16,2026-07-10 16:00:00+00:00,KXHIGHLAX-26JUL10,0.0,KXHIGHLAX-26JUL10-B76.5,0.27179142389762273,paper-000048,-0.16,-1.0,0.0,2026-07-10,KXHIGHLAX-26JUL10-B74.5
utc_06,nyc,0.00490196078431373,-0.3050980392156863,1.0,0.056428292009871595,0.31,2026-07-11 06:00:00+00:00,KXHIGHNY-26JUL11,0.0,KXHIGHNY-26JUL11-T81,0.3664282920098716,paper-000049,-0.31,-1.0,0.0,2026-07-11,KXHIGHNY-26JUL11-B81.5
utc_06,okc,0.00490196078431373,-0.40509803921568627,1.0,0.09248905469607,0.41,2026-07-11 06:00:00+00:00,KXHIGHTOKC-26JUL11,0.0,KXHIGHTOKC-26JUL11-B95.5,0.50248905469607,paper-000050,-0.41,-1.0,0.0,2026-07-11,KXHIGHTOKC-26JUL11-B97.5
utc_07,aus,0.975490196078431,0.625490196078431,1.0,0.11001159834922225,0.35,2026-07-11 07:00:00+00:00,KXHIGHAUS-26JUL11,1.0,KXHIGHAUS-26JUL11-T91,0.46001159834922223,paper-000051,0.65,1.8571428571428574,1.0,2026-07-11,KXHIGHAUS-26JUL11-T91
utc_08,la,0.00490196078431373,-0.3950980392156863,1.0,0.052155515995133184,0.4,2026-07-11 08:00:00+00:00,KXHIGHLAX-26JUL11,0.0,KXHIGHLAX-26JUL11-B75.5,0.4521555159951332,paper-000052,-0.4,-1.0,0.0,2026-07-11,KXHIGHLAX-26JUL11-B77.5
utc_10,den,0.841201716738197,0.731201716738197,1.0,0.09860921314647027,0.11,2026-07-11 10:00:00+00:00,KXHIGHDEN-26JUL11,1.0,KXHIGHDEN-26JUL11-B93.5,0.20860921314647027,paper-000053,0.89,8.090909090909092,1.0,2026-07-11,KXHIGHDEN-26JUL11-B93.5
utc_14,mia,0.975490196078431,0.605490196078431,1.0,0.10911082964068103,0.37,2026-07-11 14:00:00+00:00,KXHIGHMIA-26JUL11,1.0,KXHIGHMIA-26JUL11-B91.5,0.479110829640681,paper-000054,0.63,1.7027027027027026,1.0,2026-07-11,KXHIGHMIA-26JUL11-B91.5
utc_05,mia,0.00490196078431373,-0.4550980392156863,1.0,0.0641785104487505,0.46,2026-07-12 05:00:00+00:00,KXHIGHMIA-26JUL12,0.0,KXHIGHMIA-26JUL12-B92.5,0.5241785104487505,paper-000055,-0.46,-1.0,0.0,2026-07-12,KXHIGHMIA-26JUL12-B94.5
utc_06,aus,0.00490196078431373,-0.2950980392156863,1.0,0.09004109973170266,0.3,2026-07-12 06:00:00+00:00,KXHIGHAUS-26JUL12,0.0,KXHIGHAUS-26JUL12-B92.5,0.39004109973170265,paper-000056,-0.3,-1.0,0.0,2026-07-12,KXHIGHAUS-26JUL12-B96.5
utc_06,nyc,0.975490196078431,0.6354901960784309,1.0,0.05492903329508786,0.34,2026-07-12 06:00:00+00:00,KXHIGHNY-26JUL12,1.0,KXHIGHNY-26JUL12-B84.5,0.3949290332950879,paper-000057,0.6599999999999999,1.9411764705882348,1.0,2026-07-12,KXHIGHNY-26JUL12-B84.5
utc_06,okc,0.00490196078431373,-0.13509803921568628,1.0,0.08166017368332407,0.14,2026-07-12 06:00:00+00:00,KXHIGHTOKC-26JUL12,0.0,KXHIGHTOKC-26JUL12-B92.5,0.22166017368332408,paper-000058,-0.14,-1.0,0.0,2026-07-12,KXHIGHTOKC-26JUL12-T90
utc_07,den,0.0292682926829268,-0.3007317073170732,1.0,0.07555698437300296,0.33,2026-07-12 07:00:00+00:00,KXHIGHDEN-26JUL12,0.0,KXHIGHDEN-26JUL12-B96.5,0.40555698437300297,paper-000059,-0.33,-1.0,0.0,2026-07-12,KXHIGHDEN-26JUL12-B94.5
utc_09,la,0.00490196078431373,-0.17509803921568626,1.0,0.08822166438181217,0.18,2026-07-12 09:00:00+00:00,KXHIGHLAX-26JUL12,0.0,KXHIGHLAX-26JUL12-B74.5,0.26822166438181216,paper-000060,-0.18,-1.0,0.0,2026-07-12,KXHIGHLAX-26JUL12-B76.5
utc_08,aus,0.355329949238579,0.005329949238579046,1.0,0.09128166137996552,0.35,2026-07-13 08:00:00+00:00,KXHIGHAUS-26JUL13,0.0,KXHIGHAUS-26JUL13-B93.5,0.4412816613799655,paper-000061,-0.35,-1.0,0.0,2026-07-13,
utc_08,den,0.335,-0.07499999999999996,1.0,0.11998990575218466,0.41,2026-07-13 08:00:00+00:00,KXHIGHDEN-26JUL13,0.0,KXHIGHDEN-26JUL13-B95.5,0.5299899057521846,paper-000062,-0.41,-1.0,0.0,2026-07-13,
utc_08,mia,0.267676767676768,-0.10232323232323198,1.0,0.09963229430181142,0.37,2026-07-13 08:00:00+00:00,KXHIGHMIA-26JUL13,0.0,KXHIGHMIA-26JUL13-B92.5,0.4696322943018114,paper-000063,-0.37,-1.0,0.0,2026-07-13,
