conformal_scale_f,market_residual_weight,probability_training_dates,target_date,warning,weather_mode,weather_training_dates,weather_training_events
2.0,0.0,0,2026-07-01,,source_blend_fallback,0,0
0.75,0.0,1,2026-07-02,,source_blend_fallback,1,6
1.0789999999999902,0.0,0,2026-07-03,no_market_rows_for_labeled_target_date,source_blend_fallback,2,12
0.9600000000000084,0.0,2,2026-07-04,,source_blend_fallback,3,18
1.2229999999999954,0.0,3,2026-07-05,,source_blend_fallback,4,24
1.801398883259522,0.0,4,2026-07-06,,regularized_weather_residual,5,30
1.7479602497668312,0.0,5,2026-07-07,,regularized_weather_residual,6,36
1.8650614927725429,0.0,6,2026-07-08,,regularized_weather_residual,7,42
1.8907393030851212,0.0,7,2026-07-09,,regularized_weather_residual,8,48
1.9453523423443957,0.0,8,2026-07-10,,regularized_weather_residual,9,54
1.9169674116848587,0.0,9,2026-07-11,,regularized_weather_residual,10,60
1.7768531678117327,0.0,10,2026-07-12,,regularized_weather_residual,11,66
1.6757061510162095,0.0,11,2026-07-13,,regularized_weather_residual,12,72
