city,event_ticker,model_name,probabilities,snapshot_hour_utc
aus,KXHIGHAUS-26JUL04,raycaster_v1,"{'KXHIGHAUS-26JUL04-T95': 0.06436813221619136, 'KXHIGHAUS-26JUL04-B95.5': 0.11775441896401492, 'KXHIGHAUS-26JUL04-B97.5': 0.7843237633015953, 'KXHIGHAUS-26JUL04-B99.5': 0.031557677534166474, 'KXHIGHAUS-26JUL04-B101.5': 0.000998003992015968, 'KXHIGHAUS-26JUL04-T102': 0.000998003992015968}",2026-07-04T16:00:00+00:00
aus,KXHIGHAUS-26JUL04,raycaster_v1,"{'KXHIGHAUS-26JUL04-T95': 0.06604782378514626, 'KXHIGHAUS-26JUL04-B95.5': 0.11149991154853535, 'KXHIGHAUS-26JUL04-B97.5': 0.7884063124482332, 'KXHIGHAUS-26JUL04-B99.5': 0.03204994423405317, 'KXHIGHAUS-26JUL04-B101.5': 0.000998003992015968, 'KXHIGHAUS-26JUL04-T102': 0.000998003992015968}",2026-07-04T17:00:00+00:00
aus,KXHIGHAUS-26JUL04,raycaster_v1,"{'KXHIGHAUS-26JUL04-T95': 0.06263971999953485, 'KXHIGHAUS-26JUL04-B95.5': 0.11535072902488125, 'KXHIGHAUS-26JUL04-B97.5': 0.7888363428218704, 'KXHIGHAUS-26JUL04-B99.5': 0.031177200169681448, 'KXHIGHAUS-26JUL04-B101.5': 0.000998003992015968, 'KXHIGHAUS-26JUL04-T102': 0.000998003992015968}",2026-07-04T18:00:00+00:00
aus,KXHIGHAUS-26JUL04,raycaster_v1,"{'KXHIGHAUS-26JUL04-T95': 0.06309646665768424, 'KXHIGHAUS-26JUL04-B95.5': 0.11413068639097433, 'KXHIGHAUS-26JUL04-B97.5': 0.7883194504429364, 'KXHIGHAUS-26JUL04-B99.5': 0.03245738852437306, 'KXHIGHAUS-26JUL04-B101.5': 0.000998003992015968, 'KXHIGHAUS-26JUL04-T102': 0.000998003992015968}",2026-07-04T19:00:00+00:00
aus,KXHIGHAUS-26JUL04,raycaster_v1,"{'KXHIGHAUS-26JUL04-T95': 0.006405144318113265, 'KXHIGHAUS-26JUL04-B95.5': 0.09227239389953676, 'KXHIGHAUS-26JUL04-B97.5': 0.8678080083740249, 'KXHIGHAUS-26JUL04-B99.5': 0.0315184454242931, 'KXHIGHAUS-26JUL04-B101.5': 0.000998003992015968, 'KXHIGHAUS-26JUL04-T102': 0.000998003992015968}",2026-07-04T20:00:00+00:00
aus,KXHIGHAUS-26JUL04,raycaster_v1,"{'KXHIGHAUS-26JUL04-T95': 0.0009970089730807579, 'KXHIGHAUS-26JUL04-B95.5': 0.14639946954506916, 'KXHIGHAUS-26JUL04-B97.5': 0.824369637722718, 'KXHIGHAUS-26JUL04-B99.5': 0.026239865812970636, 'KXHIGHAUS-26JUL04-B101.5': 0.0009970089730807579, 'KXHIGHAUS-26JUL04-T102': 0.0009970089730807579}",2026-07-04T21:00:00+00:00
aus,KXHIGHAUS-26JUL04,raycaster_v1,"{'KXHIGHAUS-26JUL04-T95': 0.0009970089730807579, 'KXHIGHAUS-26JUL04-B95.5': 0.154226074088387, 'KXHIGHAUS-26JUL04-B97.5': 0.8165430331794001, 'KXHIGHAUS-26JUL04-B99.5': 0.026239865812970636, 'KXHIGHAUS-26JUL04-B101.5': 0.0009970089730807579, 'KXHIGHAUS-26JUL04-T102': 0.0009970089730807579}",2026-07-04T22:00:00+00:00
aus,KXHIGHAUS-26JUL04,raycaster_v1,"{'KXHIGHAUS-26JUL04-T95': 0.0009970089730807579, 'KXHIGHAUS-26JUL04-B95.5': 0.1536805991724392, 'KXHIGHAUS-26JUL04-B97.5': 0.8170885080953479, 'KXHIGHAUS-26JUL04-B99.5': 0.026239865812970636, 'KXHIGHAUS-26JUL04-B101.5': 0.0009970089730807579, 'KXHIGHAUS-26JUL04-T102': 0.0009970089730807579}",2026-07-04T23:00:00+00:00
aus,KXHIGHAUS-26JUL04,raycaster_v1,"{'KXHIGHAUS-26JUL04-T95': 0.0009970089730807579, 'KXHIGHAUS-26JUL04-B95.5': 0.31781047304579124, 'KXHIGHAUS-26JUL04-B97.5': 0.6529586342219958, 'KXHIGHAUS-26JUL04-B99.5': 0.026239865812970636, 'KXHIGHAUS-26JUL04-B101.5': 0.0009970089730807579, 'KXHIGHAUS-26JUL04-T102': 0.0009970089730807579}",2026-07-05T00:00:00+00:00
aus,KXHIGHAUS-26JUL04,raycaster_v1,"{'KXHIGHAUS-26JUL04-T95': 0.0009970089730807579, 'KXHIGHAUS-26JUL04-B95.5': 0.3280436009719264, 'KXHIGHAUS-26JUL04-B97.5': 0.6427255062958607, 'KXHIGHAUS-26JUL04-B99.5': 0.026239865812970636, 'KXHIGHAUS-26JUL04-B101.5': 0.0009970089730807579, 'KXHIGHAUS-26JUL04-T102': 0.0009970089730807579}",2026-07-05T01:00:00+00:00
aus,KXHIGHAUS-26JUL04,raycaster_v1,"{'KXHIGHAUS-26JUL04-T95': 0.0009970089730807579, 'KXHIGHAUS-26JUL04-B95.5': 0.3348278861344168, 'KXHIGHAUS-26JUL04-B97.5': 0.6359412211333704, 'KXHIGHAUS-26JUL04-B99.5': 0.026239865812970636, 'KXHIGHAUS-26JUL04-B101.5': 0.0009970089730807579, 'KXHIGHAUS-26JUL04-T102': 0.0009970089730807579}",2026-07-05T02:00:00+00:00
aus,KXHIGHAUS-26JUL04,raycaster_v1,"{'KXHIGHAUS-26JUL04-T95': 0.0009970089730807579, 'KXHIGHAUS-26JUL04-B95.5': 0.4089029159914002, 'KXHIGHAUS-26JUL04-B97.5': 0.5618661912763869, 'KXHIGHAUS-26JUL04-B99.5': 0.026239865812970636, 'KXHIGHAUS-26JUL04-B101.5': 0.0009970089730807579, 'KXHIGHAUS-26JUL04-T102': 0.0009970089730807579}",2026-07-05T03:00:00+00:00
aus,KXHIGHAUS-26JUL04,raycaster_v1,"{'KXHIGHAUS-26JUL04-T95': 0.0009970089730807576, 'KXHIGHAUS-26JUL04-B95.5': 0.4448095821873906, 'KXHIGHAUS-26JUL04-B97.5': 0.5259595250803965, 'KXHIGHAUS-26JUL04-B99.5': 0.02623986581297063, 'KXHIGHAUS-26JUL04-B101.5': 0.0009970089730807576, 'KXHIGHAUS-26JUL04-T102': 0.0009970089730807576}",2026-07-05T04:00:00+00:00
aus,KXHIGHAUS-26JUL04,raycaster_v1,"{'KXHIGHAUS-26JUL04-T95': 0.0009970089730807579, 'KXHIGHAUS-26JUL04-B95.5': 0.44683756895650234, 'KXHIGHAUS-26JUL04-B97.5': 0.5239315383112848, 'KXHIGHAUS-26JUL04-B99.5': 0.026239865812970636, 'KXHIGHAUS-26JUL04-B101.5': 0.0009970089730807579, 'KXHIGHAUS-26JUL04-T102': 0.0009970089730807579}",2026-07-05T05:00:00+00:00
den,KXHIGHDEN-26JUL04,raycaster_v1,"{'KXHIGHDEN-26JUL04-T85': 0.0009981227759427976, 'KXHIGHDEN-26JUL04-B85.5': 0.0009981227759427976, 'KXHIGHDEN-26JUL04-B87.5': 0.03469645427956775, 'KXHIGHDEN-26JUL04-B89.5': 0.15123320412221047, 'KXHIGHDEN-26JUL04-B91.5': 0.7229441829486708, 'KXHIGHDEN-26JUL04-T92': 0.0891299130976654}",2026-07-04T16:00:00+00:00
den,KXHIGHDEN-26JUL04,raycaster_v1,"{'KXHIGHDEN-26JUL04-T85': 0.000998003992015968, 'KXHIGHDEN-26JUL04-B85.5': 0.000998003992015968, 'KXHIGHDEN-26JUL04-B87.5': 0.019188959716154114, 'KXHIGHDEN-26JUL04-B89.5': 0.14146052349575997, 'KXHIGHDEN-26JUL04-B91.5': 0.7461449998421954, 'KXHIGHDEN-26JUL04-T92': 0.09120950896185864}",2026-07-04T17:00:00+00:00
den,KXHIGHDEN-26JUL04,raycaster_v1,"{'KXHIGHDEN-26JUL04-T85': 0.0009970089730807579, 'KXHIGHDEN-26JUL04-B85.5': 0.0009970089730807579, 'KXHIGHDEN-26JUL04-B87.5': 0.0009970089730807579, 'KXHIGHDEN-26JUL04-B89.5': 0.2099398442520493, 'KXHIGHDEN-26JUL04-B91.5': 0.7103363382154825, 'KXHIGHDEN-26JUL04-T92': 0.07673279061322603}",2026-07-04T18:00:00+00:00
den,KXHIGHDEN-26JUL04,raycaster_v1,"{'KXHIGHDEN-26JUL04-T85': 0.000998003992015968, 'KXHIGHDEN-26JUL04-B85.5': 0.000998003992015968, 'KXHIGHDEN-26JUL04-B87.5': 0.0037538338445109593, 'KXHIGHDEN-26JUL04-B89.5': 0.18046063316902053, 'KXHIGHDEN-26JUL04-B91.5': 0.741459016422802, 'KXHIGHDEN-26JUL04-T92': 0.07233050857963463}",2026-07-04T19:00:00+00:00
den,KXHIGHDEN-26JUL04,raycaster_v1,"{'KXHIGHDEN-26JUL04-T85': 0.000998003992015968, 'KXHIGHDEN-26JUL04-B85.5': 0.000998003992015968, 'KXHIGHDEN-26JUL04-B87.5': 0.010390718552517962, 'KXHIGHDEN-26JUL04-B89.5': 0.17361226821323902, 'KXHIGHDEN-26JUL04-B91.5': 0.7418390375004339, 'KXHIGHDEN-26JUL04-T92': 0.07216196774977725}",2026-07-04T20:00:00+00:00
den,KXHIGHDEN-26JUL04,raycaster_v1,"{'KXHIGHDEN-26JUL04-T85': 0.000998003992015968, 'KXHIGHDEN-26JUL04-B85.5': 0.000998003992015968, 'KXHIGHDEN-26JUL04-B87.5': 0.0030469791071848023, 'KXHIGHDEN-26JUL04-B89.5': 0.30619534584236213, 'KXHIGHDEN-26JUL04-B91.5': 0.6168420400939072, 'KXHIGHDEN-26JUL04-T92': 0.07191962697251396}",2026-07-04T21:00:00+00:00
den,KXHIGHDEN-26JUL04,raycaster_v1,"{'KXHIGHDEN-26JUL04-T85': 0.0009970089730807579, 'KXHIGHDEN-26JUL04-B85.5': 0.0009970089730807579, 'KXHIGHDEN-26JUL04-B87.5': 0.0009970089730807579, 'KXHIGHDEN-26JUL04-B89.5': 0.4571766617847458, 'KXHIGHDEN-26JUL04-B91.5': 0.46884679496419995, 'KXHIGHDEN-26JUL04-T92': 0.07098551633181206}",2026-07-04T22:00:00+00:00
den,KXHIGHDEN-26JUL04,raycaster_v1,"{'KXHIGHDEN-26JUL04-T85': 0.0009970089730807579, 'KXHIGHDEN-26JUL04-B85.5': 0.0009970089730807579, 'KXHIGHDEN-26JUL04-B87.5': 0.0009970089730807579, 'KXHIGHDEN-26JUL04-B89.5': 0.14602316664210754, 'KXHIGHDEN-26JUL04-B91.5': 0.7736226584654377, 'KXHIGHDEN-26JUL04-T92': 0.07736314797321263}",2026-07-04T23:00:00+00:00
den,KXHIGHDEN-26JUL04,raycaster_v1,"{'KXHIGHDEN-26JUL04-T85': 0.0009970089730807576, 'KXHIGHDEN-26JUL04-B85.5': 0.0009970089730807576, 'KXHIGHDEN-26JUL04-B87.5': 0.0009970089730807576, 'KXHIGHDEN-26JUL04-B89.5': 0.25729754578074066, 'KXHIGHDEN-26JUL04-B91.5': 0.6530605097502614, 'KXHIGHDEN-26JUL04-T92': 0.08665091754975558}",2026-07-05T00:00:00+00:00
den,KXHIGHDEN-26JUL04,raycaster_v1,"{'KXHIGHDEN-26JUL04-T85': 0.0009970089730807579, 'KXHIGHDEN-26JUL04-B85.5': 0.0009970089730807579, 'KXHIGHDEN-26JUL04-B87.5': 0.0009970089730807579, 'KXHIGHDEN-26JUL04-B89.5': 0.15177047594955764, 'KXHIGHDEN-26JUL04-B91.5': 0.7688234816965266, 'KXHIGHDEN-26JUL04-T92': 0.07641501543467359}",2026-07-05T01:00:00+00:00
den,KXHIGHDEN-26JUL04,raycaster_v1,"{'KXHIGHDEN-26JUL04-T85': 0.0009970089730807576, 'KXHIGHDEN-26JUL04-B85.5': 0.0009970089730807576, 'KXHIGHDEN-26JUL04-B87.5': 0.0009970089730807576, 'KXHIGHDEN-26JUL04-B89.5': 0.16725077594612237, 'KXHIGHDEN-26JUL04-B91.5': 0.756390907986055, 'KXHIGHDEN-26JUL04-T92': 0.07336728914858032}",2026-07-05T02:00:00+00:00
den,KXHIGHDEN-26JUL04,raycaster_v1,"{'KXHIGHDEN-26JUL04-T85': 0.0009970089730807579, 'KXHIGHDEN-26JUL04-B85.5': 0.0009970089730807579, 'KXHIGHDEN-26JUL04-B87.5': 0.0009970089730807579, 'KXHIGHDEN-26JUL04-B89.5': 0.3139981204292747, 'KXHIGHDEN-26JUL04-B91.5': 0.6057820586325737, 'KXHIGHDEN-26JUL04-T92': 0.07722879401890938}",2026-07-05T03:00:00+00:00
den,KXHIGHDEN-26JUL04,raycaster_v1,"{'KXHIGHDEN-26JUL04-T85': 0.0009970089730807579, 'KXHIGHDEN-26JUL04-B85.5': 0.0009970089730807579, 'KXHIGHDEN-26JUL04-B87.5': 0.0009970089730807579, 'KXHIGHDEN-26JUL04-B89.5': 0.13433436276517852, 'KXHIGHDEN-26JUL04-B91.5': 0.7811992978868242, 'KXHIGHDEN-26JUL04-T92': 0.08147531242875515}",2026-07-05T04:00:00+00:00
den,KXHIGHDEN-26JUL04,raycaster_v1,"{'KXHIGHDEN-26JUL04-T85': 0.0009970089730807579, 'KXHIGHDEN-26JUL04-B85.5': 0.0009970089730807579, 'KXHIGHDEN-26JUL04-B87.5': 0.0009970089730807579, 'KXHIGHDEN-26JUL04-B89.5': 0.14009203495983935, 'KXHIGHDEN-26JUL04-B91.5': 0.7769925501328948, 'KXHIGHDEN-26JUL04-T92': 0.0799243879880237}",2026-07-05T05:00:00+00:00
den,KXHIGHDEN-26JUL04,raycaster_v1,"{'KXHIGHDEN-26JUL04-T85': 0.0009970089730807579, 'KXHIGHDEN-26JUL04-B85.5': 0.0009970089730807579, 'KXHIGHDEN-26JUL04-B87.5': 0.0009970089730807579, 'KXHIGHDEN-26JUL04-B89.5': 0.14548431907370823, 'KXHIGHDEN-26JUL04-B91.5': 0.7719374295867812, 'KXHIGHDEN-26JUL04-T92': 0.0795872244202684}",2026-07-05T06:00:00+00:00
la,KXHIGHLAX-26JUL04,raycaster_v1,"{'KXHIGHLAX-26JUL04-T67': 0.000999000999000999, 'KXHIGHLAX-26JUL04-B67.5': 0.004959637360007727, 'KXHIGHLAX-26JUL04-B69.5': 0.015478598248901606, 'KXHIGHLAX-26JUL04-B71.5': 0.015478598248901609, 'KXHIGHLAX-26JUL04-B73.5': 0.08816041897097934, 'KXHIGHLAX-26JUL04-T74': 0.8749237461722087}",2026-07-04T16:00:00+00:00
la,KXHIGHLAX-26JUL04,raycaster_v1,"{'KXHIGHLAX-26JUL04-T67': 0.000998003992015968, 'KXHIGHLAX-26JUL04-B67.5': 0.000998003992015968, 'KXHIGHLAX-26JUL04-B69.5': 0.005637726172060681, 'KXHIGHLAX-26JUL04-B71.5': 0.01673864625493534, 'KXHIGHLAX-26JUL04-B73.5': 0.016738646254935336, 'KXHIGHLAX-26JUL04-T74': 0.9588889733340368}",2026-07-04T17:00:00+00:00
la,KXHIGHLAX-26JUL04,raycaster_v1,"{'KXHIGHLAX-26JUL04-T67': 0.000998003992015968, 'KXHIGHLAX-26JUL04-B67.5': 0.000998003992015968, 'KXHIGHLAX-26JUL04-B69.5': 0.00447865932939298, 'KXHIGHLAX-26JUL04-B71.5': 0.01683867153109783, 'KXHIGHLAX-26JUL04-B73.5': 0.01683867153109783, 'KXHIGHLAX-26JUL04-T74': 0.9598479896243793}",2026-07-04T18:00:00+00:00
la,KXHIGHLAX-26JUL04,raycaster_v1,"{'KXHIGHLAX-26JUL04-T67': 0.00099601593625498, 'KXHIGHLAX-26JUL04-B67.5': 0.00099601593625498, 'KXHIGHLAX-26JUL04-B69.5': 0.00099601593625498, 'KXHIGHLAX-26JUL04-B71.5': 0.00099601593625498, 'KXHIGHLAX-26JUL04-B73.5': 0.015977125044086275, 'KXHIGHLAX-26JUL04-T74': 0.9800388112108938}",2026-07-04T19:00:00+00:00
la,KXHIGHLAX-26JUL04,raycaster_v1,"{'KXHIGHLAX-26JUL04-T67': 0.00099601593625498, 'KXHIGHLAX-26JUL04-B67.5': 0.00099601593625498, 'KXHIGHLAX-26JUL04-B69.5': 0.00099601593625498, 'KXHIGHLAX-26JUL04-B71.5': 0.00099601593625498, 'KXHIGHLAX-26JUL04-B73.5': 0.0159730321205176, 'KXHIGHLAX-26JUL04-T74': 0.9800429041344624}",2026-07-04T20:00:00+00:00
la,KXHIGHLAX-26JUL04,raycaster_v1,"{'KXHIGHLAX-26JUL04-T67': 0.00099601593625498, 'KXHIGHLAX-26JUL04-B67.5': 0.00099601593625498, 'KXHIGHLAX-26JUL04-B69.5': 0.00099601593625498, 'KXHIGHLAX-26JUL04-B71.5': 0.00099601593625498, 'KXHIGHLAX-26JUL04-B73.5': 0.015874271575143317, 'KXHIGHLAX-26JUL04-T74': 0.9801416646798368}",2026-07-04T21:00:00+00:00
la,KXHIGHLAX-26JUL04,raycaster_v1,"{'KXHIGHLAX-26JUL04-T67': 0.0009954563801031055, 'KXHIGHLAX-26JUL04-B67.5': 0.0009954563801031055, 'KXHIGHLAX-26JUL04-B69.5': 0.0009954563801031055, 'KXHIGHLAX-26JUL04-B71.5': 0.0009954563801031055, 'KXHIGHLAX-26JUL04-B73.5': 0.0009954563801031055, 'KXHIGHLAX-26JUL04-T74': 0.9950227180994845}",2026-07-04T22:00:00+00:00
la,KXHIGHLAX-26JUL04,raycaster_v1,"{'KXHIGHLAX-26JUL04-T67': 0.0009954563801031055, 'KXHIGHLAX-26JUL04-B67.5': 0.0009954563801031055, 'KXHIGHLAX-26JUL04-B69.5': 0.0009954563801031055, 'KXHIGHLAX-26JUL04-B71.5': 0.0009954563801031055, 'KXHIGHLAX-26JUL04-B73.5': 0.0009954563801031055, 'KXHIGHLAX-26JUL04-T74': 0.9950227180994845}",2026-07-04T23:00:00+00:00
la,KXHIGHLAX-26JUL04,raycaster_v1,"{'KXHIGHLAX-26JUL04-T67': 0.0009954431360663803, 'KXHIGHLAX-26JUL04-B67.5': 0.0009954431360663803, 'KXHIGHLAX-26JUL04-B69.5': 0.0009954431360663803, 'KXHIGHLAX-26JUL04-B71.5': 0.0009954431360663803, 'KXHIGHLAX-26JUL04-B73.5': 0.0009954431360663803, 'KXHIGHLAX-26JUL04-T74': 0.9950227843196682}",2026-07-05T00:00:00+00:00
la,KXHIGHLAX-26JUL04,raycaster_v1,"{'KXHIGHLAX-26JUL04-T67': 0.0009954412454457, 'KXHIGHLAX-26JUL04-B67.5': 0.0009954412454457, 'KXHIGHLAX-26JUL04-B69.5': 0.0009954412454457, 'KXHIGHLAX-26JUL04-B71.5': 0.0009954412454457, 'KXHIGHLAX-26JUL04-B73.5': 0.0009954412454457, 'KXHIGHLAX-26JUL04-T74': 0.9950227937727715}",2026-07-05T01:00:00+00:00
la,KXHIGHLAX-26JUL04,raycaster_v1,"{'KXHIGHLAX-26JUL04-T67': 0.00099601593625498, 'KXHIGHLAX-26JUL04-B67.5': 0.00099601593625498, 'KXHIGHLAX-26JUL04-B69.5': 0.00099601593625498, 'KXHIGHLAX-26JUL04-B71.5': 0.00099601593625498, 'KXHIGHLAX-26JUL04-B73.5': 0.0036749337839552133, 'KXHIGHLAX-26JUL04-T74': 0.9923410024710249}",2026-07-05T02:00:00+00:00
la,KXHIGHLAX-26JUL04,raycaster_v1,"{'KXHIGHLAX-26JUL04-T67': 0.00099601593625498, 'KXHIGHLAX-26JUL04-B67.5': 0.00099601593625498, 'KXHIGHLAX-26JUL04-B69.5': 0.00099601593625498, 'KXHIGHLAX-26JUL04-B71.5': 0.00099601593625498, 'KXHIGHLAX-26JUL04-B73.5': 0.06239805082786994, 'KXHIGHLAX-26JUL04-T74': 0.9336178854271101}",2026-07-05T03:00:00+00:00
la,KXHIGHLAX-26JUL04,raycaster_v1,"{'KXHIGHLAX-26JUL04-T67': 0.00099601593625498, 'KXHIGHLAX-26JUL04-B67.5': 0.00099601593625498, 'KXHIGHLAX-26JUL04-B69.5': 0.00099601593625498, 'KXHIGHLAX-26JUL04-B71.5': 0.00099601593625498, 'KXHIGHLAX-26JUL04-B73.5': 0.0036909865983201402, 'KXHIGHLAX-26JUL04-T74': 0.99232494965666}",2026-07-05T04:00:00+00:00
la,KXHIGHLAX-26JUL04,raycaster_v1,"{'KXHIGHLAX-26JUL04-T67': 0.00099601593625498, 'KXHIGHLAX-26JUL04-B67.5': 0.00099601593625498, 'KXHIGHLAX-26JUL04-B69.5': 0.00099601593625498, 'KXHIGHLAX-26JUL04-B71.5': 0.00099601593625498, 'KXHIGHLAX-26JUL04-B73.5': 0.005629955902768273, 'KXHIGHLAX-26JUL04-T74': 0.9903859803522117}",2026-07-05T05:00:00+00:00
la,KXHIGHLAX-26JUL04,raycaster_v1,"{'KXHIGHLAX-26JUL04-T67': 0.00099601593625498, 'KXHIGHLAX-26JUL04-B67.5': 0.00099601593625498, 'KXHIGHLAX-26JUL04-B69.5': 0.00099601593625498, 'KXHIGHLAX-26JUL04-B71.5': 0.00099601593625498, 'KXHIGHLAX-26JUL04-B73.5': 0.0626614449907197, 'KXHIGHLAX-26JUL04-T74': 0.9333544912642604}",2026-07-05T06:00:00+00:00
la,KXHIGHLAX-26JUL04,raycaster_v1,"{'KXHIGHLAX-26JUL04-T67': 0.00099601593625498, 'KXHIGHLAX-26JUL04-B67.5': 0.00099601593625498, 'KXHIGHLAX-26JUL04-B69.5': 0.00099601593625498, 'KXHIGHLAX-26JUL04-B71.5': 0.00099601593625498, 'KXHIGHLAX-26JUL04-B73.5': 0.0626614449907197, 'KXHIGHLAX-26JUL04-T74': 0.9333544912642604}",2026-07-05T07:00:00+00:00
mia,KXHIGHMIA-26JUL04,raycaster_v1,"{'KXHIGHMIA-26JUL04-T88': 0.0009990009990009992, 'KXHIGHMIA-26JUL04-B88.5': 0.013919894060307853, 'KXHIGHMIA-26JUL04-B90.5': 0.11747938854703142, 'KXHIGHMIA-26JUL04-B92.5': 0.770545705761554, 'KXHIGHMIA-26JUL04-B94.5': 0.020828798188966016, 'KXHIGHMIA-26JUL04-T95': 0.07622721244313971}",2026-07-04T16:00:00+00:00
mia,KXHIGHMIA-26JUL04,raycaster_v1,"{'KXHIGHMIA-26JUL04-T88': 0.000998003992015968, 'KXHIGHMIA-26JUL04-B88.5': 0.000998003992015968, 'KXHIGHMIA-26JUL04-B90.5': 0.0967895433959441, 'KXHIGHMIA-26JUL04-B92.5': 0.7999365717207515, 'KXHIGHMIA-26JUL04-B94.5': 0.021861241927043643, 'KXHIGHMIA-26JUL04-T95': 0.07941663497222887}",2026-07-04T17:00:00+00:00
mia,KXHIGHMIA-26JUL04,raycaster_v1,"{'KXHIGHMIA-26JUL04-T88': 0.000998003992015968, 'KXHIGHMIA-26JUL04-B88.5': 0.000998003992015968, 'KXHIGHMIA-26JUL04-B90.5': 0.11264465405325591, 'KXHIGHMIA-26JUL04-B92.5': 0.78536495263511, 'KXHIGHMIA-26JUL04-B94.5': 0.0212158448259678, 'KXHIGHMIA-26JUL04-T95': 0.07877854050163438}",2026-07-04T18:00:00+00:00
mia,KXHIGHMIA-26JUL04,raycaster_v1,"{'KXHIGHMIA-26JUL04-T88': 0.000998003992015968, 'KXHIGHMIA-26JUL04-B88.5': 0.000998003992015968, 'KXHIGHMIA-26JUL04-B90.5': 0.11427759122987581, 'KXHIGHMIA-26JUL04-B92.5': 0.7835409994370492, 'KXHIGHMIA-26JUL04-B94.5': 0.021295425925000763, 'KXHIGHMIA-26JUL04-T95': 0.0788899754240422}",2026-07-04T19:00:00+00:00
mia,KXHIGHMIA-26JUL04,raycaster_v1,"{'KXHIGHMIA-26JUL04-T88': 0.000998003992015968, 'KXHIGHMIA-26JUL04-B88.5': 0.000998003992015968, 'KXHIGHMIA-26JUL04-B90.5': 0.2037792166690443, 'KXHIGHMIA-26JUL04-B92.5': 0.6944069665467201, 'KXHIGHMIA-26JUL04-B94.5': 0.021018099837552345, 'KXHIGHMIA-26JUL04-T95': 0.07879970896265139}",2026-07-04T20:00:00+00:00
mia,KXHIGHMIA-26JUL04,raycaster_v1,"{'KXHIGHMIA-26JUL04-T88': 0.0009970089730807579, 'KXHIGHMIA-26JUL04-B88.5': 0.0009970089730807579, 'KXHIGHMIA-26JUL04-B90.5': 0.0009970089730807579, 'KXHIGHMIA-26JUL04-B92.5': 0.7809049446381651, 'KXHIGHMIA-26JUL04-B94.5': 0.13374667910666507, 'KXHIGHMIA-26JUL04-T95': 0.08235734933592764}",2026-07-04T21:00:00+00:00
mia,KXHIGHMIA-26JUL04,raycaster_v1,"{'KXHIGHMIA-26JUL04-T88': 0.0009970089730807579, 'KXHIGHMIA-26JUL04-B88.5': 0.0009970089730807579, 'KXHIGHMIA-26JUL04-B90.5': 0.0009970089730807579, 'KXHIGHMIA-26JUL04-B92.5': 0.7742717982102071, 'KXHIGHMIA-26JUL04-B94.5': 0.14038398412063816, 'KXHIGHMIA-26JUL04-T95': 0.08235319074991261}",2026-07-04T22:00:00+00:00
mia,KXHIGHMIA-26JUL04,raycaster_v1,"{'KXHIGHMIA-26JUL04-T88': 0.0009970089730807576, 'KXHIGHMIA-26JUL04-B88.5': 0.0009970089730807576, 'KXHIGHMIA-26JUL04-B90.5': 0.0009970089730807576, 'KXHIGHMIA-26JUL04-B92.5': 0.4454319895338556, 'KXHIGHMIA-26JUL04-B94.5': 0.5258383712088286, 'KXHIGHMIA-26JUL04-T95': 0.025738612338073428}",2026-07-04T23:00:00+00:00
mia,KXHIGHMIA-26JUL04,raycaster_v1,"{'KXHIGHMIA-26JUL04-T88': 0.00099601593625498, 'KXHIGHMIA-26JUL04-B88.5': 0.00099601593625498, 'KXHIGHMIA-26JUL04-B90.5': 0.00099601593625498, 'KXHIGHMIA-26JUL04-B92.5': 0.9020476796954547, 'KXHIGHMIA-26JUL04-B94.5': 0.09396825655952533, 'KXHIGHMIA-26JUL04-T95': 0.00099601593625498}",2026-07-05T00:00:00+00:00
mia,KXHIGHMIA-26JUL04,raycaster_v1,"{'KXHIGHMIA-26JUL04-T88': 0.00099601593625498, 'KXHIGHMIA-26JUL04-B88.5': 0.00099601593625498, 'KXHIGHMIA-26JUL04-B90.5': 0.00099601593625498, 'KXHIGHMIA-26JUL04-B92.5': 0.9140044416174611, 'KXHIGHMIA-26JUL04-B94.5': 0.082011494637519, 'KXHIGHMIA-26JUL04-T95': 0.00099601593625498}",2026-07-05T01:00:00+00:00
mia,KXHIGHMIA-26JUL04,raycaster_v1,"{'KXHIGHMIA-26JUL04-T88': 0.00099601593625498, 'KXHIGHMIA-26JUL04-B88.5': 0.00099601593625498, 'KXHIGHMIA-26JUL04-B90.5': 0.00099601593625498, 'KXHIGHMIA-26JUL04-B92.5': 0.9023317573476768, 'KXHIGHMIA-26JUL04-B94.5': 0.09368417890730324, 'KXHIGHMIA-26JUL04-T95': 0.00099601593625498}",2026-07-05T02:00:00+00:00
mia,KXHIGHMIA-26JUL04,raycaster_v1,"{'KXHIGHMIA-26JUL04-T88': 0.00099601593625498, 'KXHIGHMIA-26JUL04-B88.5': 0.00099601593625498, 'KXHIGHMIA-26JUL04-B90.5': 0.00099601593625498, 'KXHIGHMIA-26JUL04-B92.5': 0.9049533006229635, 'KXHIGHMIA-26JUL04-B94.5': 0.09106263563201658, 'KXHIGHMIA-26JUL04-T95': 0.00099601593625498}",2026-07-05T03:00:00+00:00
mia,KXHIGHMIA-26JUL04,raycaster_v1,"{'KXHIGHMIA-26JUL04-T88': 0.00099601593625498, 'KXHIGHMIA-26JUL04-B88.5': 0.00099601593625498, 'KXHIGHMIA-26JUL04-B90.5': 0.00099601593625498, 'KXHIGHMIA-26JUL04-B92.5': 0.7659568328524725, 'KXHIGHMIA-26JUL04-B94.5': 0.2300591034025076, 'KXHIGHMIA-26JUL04-T95': 0.00099601593625498}",2026-07-05T04:00:00+00:00
nyc,KXHIGHNY-26JUL04,raycaster_v1,"{'KXHIGHNY-26JUL04-T98': 0.9950248756218907, 'KXHIGHNY-26JUL04-B98.5': 0.0009950248756218907, 'KXHIGHNY-26JUL04-B100.5': 0.0009950248756218907, 'KXHIGHNY-26JUL04-B102.5': 0.0009950248756218907, 'KXHIGHNY-26JUL04-B104.5': 0.0009950248756218907, 'KXHIGHNY-26JUL04-T105': 0.0009950248756218907}",2026-07-04T16:00:00+00:00
nyc,KXHIGHNY-26JUL04,raycaster_v1,"{'KXHIGHNY-26JUL04-T98': 0.9319381683590632, 'KXHIGHNY-26JUL04-B98.5': 0.06407776789591688, 'KXHIGHNY-26JUL04-B100.5': 0.00099601593625498, 'KXHIGHNY-26JUL04-B102.5': 0.00099601593625498, 'KXHIGHNY-26JUL04-B104.5': 0.00099601593625498, 'KXHIGHNY-26JUL04-T105': 0.00099601593625498}",2026-07-04T17:00:00+00:00
nyc,KXHIGHNY-26JUL04,raycaster_v1,"{'KXHIGHNY-26JUL04-T98': 0.9319309602542393, 'KXHIGHNY-26JUL04-B98.5': 0.06408497600074083, 'KXHIGHNY-26JUL04-B100.5': 0.00099601593625498, 'KXHIGHNY-26JUL04-B102.5': 0.00099601593625498, 'KXHIGHNY-26JUL04-B104.5': 0.00099601593625498, 'KXHIGHNY-26JUL04-T105': 0.00099601593625498}",2026-07-04T18:00:00+00:00
nyc,KXHIGHNY-26JUL04,raycaster_v1,"{'KXHIGHNY-26JUL04-T98': 0.924686059247823, 'KXHIGHNY-26JUL04-B98.5': 0.07132987700715704, 'KXHIGHNY-26JUL04-B100.5': 0.00099601593625498, 'KXHIGHNY-26JUL04-B102.5': 0.00099601593625498, 'KXHIGHNY-26JUL04-B104.5': 0.00099601593625498, 'KXHIGHNY-26JUL04-T105': 0.00099601593625498}",2026-07-04T19:00:00+00:00
nyc,KXHIGHNY-26JUL04,raycaster_v1,"{'KXHIGHNY-26JUL04-T98': 0.9772349004607972, 'KXHIGHNY-26JUL04-B98.5': 0.018781035794182832, 'KXHIGHNY-26JUL04-B100.5': 0.00099601593625498, 'KXHIGHNY-26JUL04-B102.5': 0.00099601593625498, 'KXHIGHNY-26JUL04-B104.5': 0.00099601593625498, 'KXHIGHNY-26JUL04-T105': 0.00099601593625498}",2026-07-04T20:00:00+00:00
nyc,KXHIGHNY-26JUL04,raycaster_v1,"{'KXHIGHNY-26JUL04-T98': 0.9245332665779604, 'KXHIGHNY-26JUL04-B98.5': 0.07148266967701966, 'KXHIGHNY-26JUL04-B100.5': 0.00099601593625498, 'KXHIGHNY-26JUL04-B102.5': 0.00099601593625498, 'KXHIGHNY-26JUL04-B104.5': 0.00099601593625498, 'KXHIGHNY-26JUL04-T105': 0.00099601593625498}",2026-07-04T21:00:00+00:00
nyc,KXHIGHNY-26JUL04,raycaster_v1,"{'KXHIGHNY-26JUL04-T98': 0.925322200834596, 'KXHIGHNY-26JUL04-B98.5': 0.070693735420384, 'KXHIGHNY-26JUL04-B100.5': 0.00099601593625498, 'KXHIGHNY-26JUL04-B102.5': 0.00099601593625498, 'KXHIGHNY-26JUL04-B104.5': 0.00099601593625498, 'KXHIGHNY-26JUL04-T105': 0.00099601593625498}",2026-07-04T22:00:00+00:00
nyc,KXHIGHNY-26JUL04,raycaster_v1,"{'KXHIGHNY-26JUL04-T98': 0.9222450212993418, 'KXHIGHNY-26JUL04-B98.5': 0.07376994625547713, 'KXHIGHNY-26JUL04-B100.5': 0.0009962581112952517, 'KXHIGHNY-26JUL04-B102.5': 0.0009962581112952517, 'KXHIGHNY-26JUL04-B104.5': 0.0009962581112952517, 'KXHIGHNY-26JUL04-T105': 0.0009962581112952517}",2026-07-04T23:00:00+00:00
nyc,KXHIGHNY-26JUL04,raycaster_v1,"{'KXHIGHNY-26JUL04-T98': 0.937832722021829, 'KXHIGHNY-26JUL04-B98.5': 0.055588791150476824, 'KXHIGHNY-26JUL04-B100.5': 0.0035874599084520548, 'KXHIGHNY-26JUL04-B102.5': 0.0009970089730807579, 'KXHIGHNY-26JUL04-B104.5': 0.0009970089730807579, 'KXHIGHNY-26JUL04-T105': 0.0009970089730807579}",2026-07-05T00:00:00+00:00
nyc,KXHIGHNY-26JUL04,raycaster_v1,"{'KXHIGHNY-26JUL04-T98': 0.937893137694248, 'KXHIGHNY-26JUL04-B98.5': 0.055528375478057806, 'KXHIGHNY-26JUL04-B100.5': 0.0035874599084520548, 'KXHIGHNY-26JUL04-B102.5': 0.0009970089730807579, 'KXHIGHNY-26JUL04-B104.5': 0.0009970089730807579, 'KXHIGHNY-26JUL04-T105': 0.0009970089730807579}",2026-07-05T01:00:00+00:00
nyc,KXHIGHNY-26JUL04,raycaster_v1,"{'KXHIGHNY-26JUL04-T98': 0.937791431827423, 'KXHIGHNY-26JUL04-B98.5': 0.055630081344882856, 'KXHIGHNY-26JUL04-B100.5': 0.0035874599084520548, 'KXHIGHNY-26JUL04-B102.5': 0.0009970089730807579, 'KXHIGHNY-26JUL04-B104.5': 0.0009970089730807579, 'KXHIGHNY-26JUL04-T105': 0.0009970089730807579}",2026-07-05T02:00:00+00:00
nyc,KXHIGHNY-26JUL04,raycaster_v1,"{'KXHIGHNY-26JUL04-T98': 0.9379285891365764, 'KXHIGHNY-26JUL04-B98.5': 0.05549292403572936, 'KXHIGHNY-26JUL04-B100.5': 0.0035874599084520548, 'KXHIGHNY-26JUL04-B102.5': 0.0009970089730807579, 'KXHIGHNY-26JUL04-B104.5': 0.0009970089730807579, 'KXHIGHNY-26JUL04-T105': 0.0009970089730807579}",2026-07-05T03:00:00+00:00
nyc,KXHIGHNY-26JUL04,raycaster_v1,"{'KXHIGHNY-26JUL04-T98': 0.9378337943870153, 'KXHIGHNY-26JUL04-B98.5': 0.05818214186796473, 'KXHIGHNY-26JUL04-B100.5': 0.00099601593625498, 'KXHIGHNY-26JUL04-B102.5': 0.00099601593625498, 'KXHIGHNY-26JUL04-B104.5': 0.00099601593625498, 'KXHIGHNY-26JUL04-T105': 0.00099601593625498}",2026-07-05T04:00:00+00:00
okc,KXHIGHTOKC-26JUL04,raycaster_v1,"{'KXHIGHTOKC-26JUL04-T98': 0.1656830924394053, 'KXHIGHTOKC-26JUL04-B98.5': 0.07175611491799708, 'KXHIGHTOKC-26JUL04-B100.5': 0.7470367431850077, 'KXHIGHTOKC-26JUL04-B102.5': 0.013528041473558076, 'KXHIGHTOKC-26JUL04-B104.5': 0.000998003992015968, 'KXHIGHTOKC-26JUL04-T105': 0.000998003992015968}",2026-07-04T16:00:00+00:00
okc,KXHIGHTOKC-26JUL04,raycaster_v1,"{'KXHIGHTOKC-26JUL04-T98': 0.14977924001064616, 'KXHIGHTOKC-26JUL04-B98.5': 0.07467733835192115, 'KXHIGHTOKC-26JUL04-B100.5': 0.7593949639269388, 'KXHIGHTOKC-26JUL04-B102.5': 0.014152449726461914, 'KXHIGHTOKC-26JUL04-B104.5': 0.000998003992015968, 'KXHIGHTOKC-26JUL04-T105': 0.000998003992015968}",2026-07-04T17:00:00+00:00
okc,KXHIGHTOKC-26JUL04,raycaster_v1,"{'KXHIGHTOKC-26JUL04-T98': 0.10913674944032468, 'KXHIGHTOKC-26JUL04-B98.5': 0.08707902264625575, 'KXHIGHTOKC-26JUL04-B100.5': 0.790369409952088, 'KXHIGHTOKC-26JUL04-B102.5': 0.01141880997729959, 'KXHIGHTOKC-26JUL04-B104.5': 0.000998003992015968, 'KXHIGHTOKC-26JUL04-T105': 0.000998003992015968}",2026-07-04T18:00:00+00:00
okc,KXHIGHTOKC-26JUL04,raycaster_v1,"{'KXHIGHTOKC-26JUL04-T98': 0.11458855195916415, 'KXHIGHTOKC-26JUL04-B98.5': 0.08763201555776061, 'KXHIGHTOKC-26JUL04-B100.5': 0.7947884055638329, 'KXHIGHTOKC-26JUL04-B102.5': 0.0009970089730807576, 'KXHIGHTOKC-26JUL04-B104.5': 0.0009970089730807576, 'KXHIGHTOKC-26JUL04-T105': 0.0009970089730807576}",2026-07-04T19:00:00+00:00
okc,KXHIGHTOKC-26JUL04,raycaster_v1,"{'KXHIGHTOKC-26JUL04-T98': 0.00099601593625498, 'KXHIGHTOKC-26JUL04-B98.5': 0.17325598102511477, 'KXHIGHTOKC-26JUL04-B100.5': 0.8227599552298653, 'KXHIGHTOKC-26JUL04-B102.5': 0.00099601593625498, 'KXHIGHTOKC-26JUL04-B104.5': 0.00099601593625498, 'KXHIGHTOKC-26JUL04-T105': 0.00099601593625498}",2026-07-04T20:00:00+00:00
okc,KXHIGHTOKC-26JUL04,raycaster_v1,"{'KXHIGHTOKC-26JUL04-T98': 0.00099601593625498, 'KXHIGHTOKC-26JUL04-B98.5': 0.17325598102511477, 'KXHIGHTOKC-26JUL04-B100.5': 0.8227599552298653, 'KXHIGHTOKC-26JUL04-B102.5': 0.00099601593625498, 'KXHIGHTOKC-26JUL04-B104.5': 0.00099601593625498, 'KXHIGHTOKC-26JUL04-T105': 0.00099601593625498}",2026-07-04T21:00:00+00:00
okc,KXHIGHTOKC-26JUL04,raycaster_v1,"{'KXHIGHTOKC-26JUL04-T98': 0.0009950248756218907, 'KXHIGHTOKC-26JUL04-B98.5': 0.0009950248756218907, 'KXHIGHTOKC-26JUL04-B100.5': 0.9950248756218907, 'KXHIGHTOKC-26JUL04-B102.5': 0.0009950248756218907, 'KXHIGHTOKC-26JUL04-B104.5': 0.0009950248756218907, 'KXHIGHTOKC-26JUL04-T105': 0.0009950248756218907}",2026-07-04T22:00:00+00:00
okc,KXHIGHTOKC-26JUL04,raycaster_v1,"{'KXHIGHTOKC-26JUL04-T98': 0.0009950248756218907, 'KXHIGHTOKC-26JUL04-B98.5': 0.0009950248756218907, 'KXHIGHTOKC-26JUL04-B100.5': 0.9950248756218907, 'KXHIGHTOKC-26JUL04-B102.5': 0.0009950248756218907, 'KXHIGHTOKC-26JUL04-B104.5': 0.0009950248756218907, 'KXHIGHTOKC-26JUL04-T105': 0.0009950248756218907}",2026-07-04T23:00:00+00:00
okc,KXHIGHTOKC-26JUL04,raycaster_v1,"{'KXHIGHTOKC-26JUL04-T98': 0.0009950248756218907, 'KXHIGHTOKC-26JUL04-B98.5': 0.0009950248756218907, 'KXHIGHTOKC-26JUL04-B100.5': 0.9950248756218907, 'KXHIGHTOKC-26JUL04-B102.5': 0.0009950248756218907, 'KXHIGHTOKC-26JUL04-B104.5': 0.0009950248756218907, 'KXHIGHTOKC-26JUL04-T105': 0.0009950248756218907}",2026-07-05T00:00:00+00:00
okc,KXHIGHTOKC-26JUL04,raycaster_v1,"{'KXHIGHTOKC-26JUL04-T98': 0.0009950248756218907, 'KXHIGHTOKC-26JUL04-B98.5': 0.0009950248756218907, 'KXHIGHTOKC-26JUL04-B100.5': 0.9950248756218907, 'KXHIGHTOKC-26JUL04-B102.5': 0.0009950248756218907, 'KXHIGHTOKC-26JUL04-B104.5': 0.0009950248756218907, 'KXHIGHTOKC-26JUL04-T105': 0.0009950248756218907}",2026-07-05T01:00:00+00:00
okc,KXHIGHTOKC-26JUL04,raycaster_v1,"{'KXHIGHTOKC-26JUL04-T98': 0.0009950248756218907, 'KXHIGHTOKC-26JUL04-B98.5': 0.0009950248756218907, 'KXHIGHTOKC-26JUL04-B100.5': 0.9950248756218907, 'KXHIGHTOKC-26JUL04-B102.5': 0.0009950248756218907, 'KXHIGHTOKC-26JUL04-B104.5': 0.0009950248756218907, 'KXHIGHTOKC-26JUL04-T105': 0.0009950248756218907}",2026-07-05T02:00:00+00:00
okc,KXHIGHTOKC-26JUL04,raycaster_v1,"{'KXHIGHTOKC-26JUL04-T98': 0.0009950248756218907, 'KXHIGHTOKC-26JUL04-B98.5': 0.0009950248756218907, 'KXHIGHTOKC-26JUL04-B100.5': 0.9950248756218907, 'KXHIGHTOKC-26JUL04-B102.5': 0.0009950248756218907, 'KXHIGHTOKC-26JUL04-B104.5': 0.0009950248756218907, 'KXHIGHTOKC-26JUL04-T105': 0.0009950248756218907}",2026-07-05T03:00:00+00:00
okc,KXHIGHTOKC-26JUL04,raycaster_v1,"{'KXHIGHTOKC-26JUL04-T98': 0.0009950248756218907, 'KXHIGHTOKC-26JUL04-B98.5': 0.0009950248756218907, 'KXHIGHTOKC-26JUL04-B100.5': 0.9950248756218907, 'KXHIGHTOKC-26JUL04-B102.5': 0.0009950248756218907, 'KXHIGHTOKC-26JUL04-B104.5': 0.0009950248756218907, 'KXHIGHTOKC-26JUL04-T105': 0.0009950248756218907}",2026-07-05T04:00:00+00:00
okc,KXHIGHTOKC-26JUL04,raycaster_v1,"{'KXHIGHTOKC-26JUL04-T98': 0.0009950248756218907, 'KXHIGHTOKC-26JUL04-B98.5': 0.0009950248756218907, 'KXHIGHTOKC-26JUL04-B100.5': 0.9950248756218907, 'KXHIGHTOKC-26JUL04-B102.5': 0.0009950248756218907, 'KXHIGHTOKC-26JUL04-B104.5': 0.0009950248756218907, 'KXHIGHTOKC-26JUL04-T105': 0.0009950248756218907}",2026-07-05T05:00:00+00:00
aus,KXHIGHAUS-26JUL05,raycaster_v1,"{'KXHIGHAUS-26JUL05-T94': 0.06084776716698923, 'KXHIGHAUS-26JUL05-B94.5': 0.09491112217408713, 'KXHIGHAUS-26JUL05-B96.5': 0.7739839441271221, 'KXHIGHAUS-26JUL05-B98.5': 0.06443008968516636, 'KXHIGHAUS-26JUL05-B100.5': 0.004828075847634045, 'KXHIGHAUS-26JUL05-T101': 0.000999000999000999}",2026-07-05T06:00:00+00:00
aus,KXHIGHAUS-26JUL05,raycaster_v1,"{'KXHIGHAUS-26JUL05-T94': 0.03268688822787019, 'KXHIGHAUS-26JUL05-B94.5': 0.05772277545935382, 'KXHIGHAUS-26JUL05-B96.5': 0.8403800295033227, 'KXHIGHAUS-26JUL05-B98.5': 0.06721429882542135, 'KXHIGHAUS-26JUL05-B100.5': 0.000998003992015968, 'KXHIGHAUS-26JUL05-T101': 0.000998003992015968}",2026-07-05T07:00:00+00:00
aus,KXHIGHAUS-26JUL05,raycaster_v1,"{'KXHIGHAUS-26JUL05-T94': 0.03706636285518365, 'KXHIGHAUS-26JUL05-B94.5': 0.05598342037014321, 'KXHIGHAUS-26JUL05-B96.5': 0.8382218491563245, 'KXHIGHAUS-26JUL05-B98.5': 0.06673235963431672, 'KXHIGHAUS-26JUL05-B100.5': 0.000998003992015968, 'KXHIGHAUS-26JUL05-T101': 0.000998003992015968}",2026-07-05T08:00:00+00:00
aus,KXHIGHAUS-26JUL05,raycaster_v1,"{'KXHIGHAUS-26JUL05-T94': 0.03706636285518365, 'KXHIGHAUS-26JUL05-B94.5': 0.05533932991579724, 'KXHIGHAUS-26JUL05-B96.5': 0.8369671277470029, 'KXHIGHAUS-26JUL05-B98.5': 0.06863117149798434, 'KXHIGHAUS-26JUL05-B100.5': 0.000998003992015968, 'KXHIGHAUS-26JUL05-T101': 0.000998003992015968}",2026-07-05T09:00:00+00:00
aus,KXHIGHAUS-26JUL05,raycaster_v1,"{'KXHIGHAUS-26JUL05-T94': 0.046104026255179203, 'KXHIGHAUS-26JUL05-B94.5': 0.04689551129528527, 'KXHIGHAUS-26JUL05-B96.5': 0.8363866235993359, 'KXHIGHAUS-26JUL05-B98.5': 0.06861783086616764, 'KXHIGHAUS-26JUL05-B100.5': 0.000998003992015968, 'KXHIGHAUS-26JUL05-T101': 0.000998003992015968}",2026-07-05T10:00:00+00:00
aus,KXHIGHAUS-26JUL05,raycaster_v1,"{'KXHIGHAUS-26JUL05-T94': 0.04155206962625492, 'KXHIGHAUS-26JUL05-B94.5': 0.05103023850708723, 'KXHIGHAUS-26JUL05-B96.5': 0.8367807791185466, 'KXHIGHAUS-26JUL05-B98.5': 0.0686409047640793, 'KXHIGHAUS-26JUL05-B100.5': 0.000998003992015968, 'KXHIGHAUS-26JUL05-T101': 0.000998003992015968}",2026-07-05T11:00:00+00:00
aus,KXHIGHAUS-26JUL05,raycaster_v1,"{'KXHIGHAUS-26JUL05-T94': 0.049417944606556755, 'KXHIGHAUS-26JUL05-B94.5': 0.043870003646368935, 'KXHIGHAUS-26JUL05-B96.5': 0.8365531464805583, 'KXHIGHAUS-26JUL05-B98.5': 0.06816289728248398, 'KXHIGHAUS-26JUL05-B100.5': 0.000998003992015968, 'KXHIGHAUS-26JUL05-T101': 0.000998003992015968}",2026-07-05T12:00:00+00:00
aus,KXHIGHAUS-26JUL05,raycaster_v1,"{'KXHIGHAUS-26JUL05-T94': 0.04322129699772751, 'KXHIGHAUS-26JUL05-B94.5': 0.04951696071245878, 'KXHIGHAUS-26JUL05-B96.5': 0.8370065232216116, 'KXHIGHAUS-26JUL05-B98.5': 0.0682592110841702, 'KXHIGHAUS-26JUL05-B100.5': 0.000998003992015968, 'KXHIGHAUS-26JUL05-T101': 0.000998003992015968}",2026-07-05T13:00:00+00:00
aus,KXHIGHAUS-26JUL05,raycaster_v1,"{'KXHIGHAUS-26JUL05-T94': 0.024385471119675768, 'KXHIGHAUS-26JUL05-B94.5': 0.06587590752053464, 'KXHIGHAUS-26JUL05-B96.5': 0.8394229651003859, 'KXHIGHAUS-26JUL05-B98.5': 0.06831964827537171, 'KXHIGHAUS-26JUL05-B100.5': 0.000998003992015968, 'KXHIGHAUS-26JUL05-T101': 0.000998003992015968}",2026-07-05T14:00:00+00:00
aus,KXHIGHAUS-26JUL05,raycaster_v1,"{'KXHIGHAUS-26JUL05-T94': 0.04751105239951207, 'KXHIGHAUS-26JUL05-B94.5': 0.044387162882725505, 'KXHIGHAUS-26JUL05-B96.5': 0.8375033881585924, 'KXHIGHAUS-26JUL05-B98.5': 0.06860238857513813, 'KXHIGHAUS-26JUL05-B100.5': 0.000998003992015968, 'KXHIGHAUS-26JUL05-T101': 0.000998003992015968}",2026-07-05T15:00:00+00:00
aus,KXHIGHAUS-26JUL05,raycaster_v1,"{'KXHIGHAUS-26JUL05-T94': 0.04730758162394112, 'KXHIGHAUS-26JUL05-B94.5': 0.04645254516063845, 'KXHIGHAUS-26JUL05-B96.5': 0.8340074196584664, 'KXHIGHAUS-26JUL05-B98.5': 0.07023644557292218, 'KXHIGHAUS-26JUL05-B100.5': 0.000998003992015968, 'KXHIGHAUS-26JUL05-T101': 0.000998003992015968}",2026-07-05T16:00:00+00:00
den,KXHIGHDEN-26JUL05,raycaster_v1,"{'KXHIGHDEN-26JUL05-T87': 0.000998003992015968, 'KXHIGHDEN-26JUL05-B87.5': 0.000998003992015968, 'KXHIGHDEN-26JUL05-B89.5': 0.012504889021408193, 'KXHIGHDEN-26JUL05-B91.5': 0.07656985092547401, 'KXHIGHDEN-26JUL05-B93.5': 0.5043201000384464, 'KXHIGHDEN-26JUL05-T94': 0.40460915203063946}",2026-07-05T07:00:00+00:00
den,KXHIGHDEN-26JUL05,raycaster_v1,"{'KXHIGHDEN-26JUL05-T87': 0.000998003992015968, 'KXHIGHDEN-26JUL05-B87.5': 0.000998003992015968, 'KXHIGHDEN-26JUL05-B89.5': 0.007203773722612682, 'KXHIGHDEN-26JUL05-B91.5': 0.13939841930082017, 'KXHIGHDEN-26JUL05-B93.5': 0.3326891957243144, 'KXHIGHDEN-26JUL05-T94': 0.5187126032682208}",2026-07-05T08:00:00+00:00
den,KXHIGHDEN-26JUL05,raycaster_v1,"{'KXHIGHDEN-26JUL05-T87': 0.000999000999000999, 'KXHIGHDEN-26JUL05-B87.5': 0.007941900719960314, 'KXHIGHDEN-26JUL05-B89.5': 0.040390994997665276, 'KXHIGHDEN-26JUL05-B91.5': 0.13128870197226267, 'KXHIGHDEN-26JUL05-B93.5': 0.24390245306878539, 'KXHIGHDEN-26JUL05-T94': 0.5754769482423253}",2026-07-05T09:00:00+00:00
den,KXHIGHDEN-26JUL05,raycaster_v1,"{'KXHIGHDEN-26JUL05-T87': 0.0009990009990009992, 'KXHIGHDEN-26JUL05-B87.5': 0.007905887369660967, 'KXHIGHDEN-26JUL05-B89.5': 0.04039857671322705, 'KXHIGHDEN-26JUL05-B91.5': 0.13116007769272947, 'KXHIGHDEN-26JUL05-B93.5': 0.24825675446554704, 'KXHIGHDEN-26JUL05-T94': 0.5712797027598346}",2026-07-05T10:00:00+00:00
den,KXHIGHDEN-26JUL05,raycaster_v1,"{'KXHIGHDEN-26JUL05-T87': 0.000999000999000999, 'KXHIGHDEN-26JUL05-B87.5': 0.00822690379211492, 'KXHIGHDEN-26JUL05-B89.5': 0.040330994686410035, 'KXHIGHDEN-26JUL05-B91.5': 0.1379117339737823, 'KXHIGHDEN-26JUL05-B93.5': 0.24710918336704052, 'KXHIGHDEN-26JUL05-T94': 0.5654221831816512}",2026-07-05T11:00:00+00:00
den,KXHIGHDEN-26JUL05,raycaster_v1,"{'KXHIGHDEN-26JUL05-T87': 0.0009990009990009992, 'KXHIGHDEN-26JUL05-B87.5': 0.008097689677835446, 'KXHIGHDEN-26JUL05-B89.5': 0.04035819750572258, 'KXHIGHDEN-26JUL05-B91.5': 0.13002080080666695, 'KXHIGHDEN-26JUL05-B93.5': 0.24633923594890536, 'KXHIGHDEN-26JUL05-T94': 0.5741850750618688}",2026-07-05T12:00:00+00:00
den,KXHIGHDEN-26JUL05,raycaster_v1,"{'KXHIGHDEN-26JUL05-T87': 0.0009990009990009992, 'KXHIGHDEN-26JUL05-B87.5': 0.010305741570958723, 'KXHIGHDEN-26JUL05-B89.5': 0.04030726363040478, 'KXHIGHDEN-26JUL05-B91.5': 0.1315618152821955, 'KXHIGHDEN-26JUL05-B93.5': 0.26993452122179573, 'KXHIGHDEN-26JUL05-T94': 0.5468916572956444}",2026-07-05T13:00:00+00:00
den,KXHIGHDEN-26JUL05,raycaster_v1,"{'KXHIGHDEN-26JUL05-T87': 0.0009990009990009992, 'KXHIGHDEN-26JUL05-B87.5': 0.010305741570958723, 'KXHIGHDEN-26JUL05-B89.5': 0.04030726363040478, 'KXHIGHDEN-26JUL05-B91.5': 0.13547805154875844, 'KXHIGHDEN-26JUL05-B93.5': 0.26913604955628995, 'KXHIGHDEN-26JUL05-T94': 0.5437738926945872}",2026-07-05T14:00:00+00:00
den,KXHIGHDEN-26JUL05,raycaster_v1,"{'KXHIGHDEN-26JUL05-T87': 0.00099601593625498, 'KXHIGHDEN-26JUL05-B87.5': 0.00099601593625498, 'KXHIGHDEN-26JUL05-B89.5': 0.00099601593625498, 'KXHIGHDEN-26JUL05-B91.5': 0.00099601593625498, 'KXHIGHDEN-26JUL05-B93.5': 0.08443304459677388, 'KXHIGHDEN-26JUL05-T94': 0.9115828916582062}",2026-07-05T15:00:00+00:00
den,KXHIGHDEN-26JUL05,raycaster_v1,"{'KXHIGHDEN-26JUL05-T87': 0.00099601593625498, 'KXHIGHDEN-26JUL05-B87.5': 0.00099601593625498, 'KXHIGHDEN-26JUL05-B89.5': 0.00099601593625498, 'KXHIGHDEN-26JUL05-B91.5': 0.00099601593625498, 'KXHIGHDEN-26JUL05-B93.5': 0.16058228625293047, 'KXHIGHDEN-26JUL05-T94': 0.8354336500020496}",2026-07-05T16:00:00+00:00
la,KXHIGHLAX-26JUL05,raycaster_v1,"{'KXHIGHLAX-26JUL05-T70': 0.02669089335435659, 'KXHIGHLAX-26JUL05-B70.5': 0.014337594450749312, 'KXHIGHLAX-26JUL05-B72.5': 0.06213875832450565, 'KXHIGHLAX-26JUL05-B74.5': 0.45660782468505184, 'KXHIGHLAX-26JUL05-B76.5': 0.24648958469473792, 'KXHIGHLAX-26JUL05-T77': 0.1937353444905987}",2026-07-05T08:00:00+00:00
la,KXHIGHLAX-26JUL05,raycaster_v1,"{'KXHIGHLAX-26JUL05-T70': 0.0061051197734192176, 'KXHIGHLAX-26JUL05-B70.5': 0.01604062367276194, 'KXHIGHLAX-26JUL05-B72.5': 0.01604062367276194, 'KXHIGHLAX-26JUL05-B74.5': 0.7325884424663974, 'KXHIGHLAX-26JUL05-B76.5': 0.08328896675228459, 'KXHIGHLAX-26JUL05-T77': 0.1459362236623749}",2026-07-05T09:00:00+00:00
la,KXHIGHLAX-26JUL05,raycaster_v1,"{'KXHIGHLAX-26JUL05-T70': 0.005851160019514482, 'KXHIGHLAX-26JUL05-B70.5': 0.016061633370571652, 'KXHIGHLAX-26JUL05-B72.5': 0.01606163337057166, 'KXHIGHLAX-26JUL05-B74.5': 0.7325660133686284, 'KXHIGHLAX-26JUL05-B76.5': 0.08329807602792416, 'KXHIGHLAX-26JUL05-T77': 0.1461614838427897}",2026-07-05T10:00:00+00:00
la,KXHIGHLAX-26JUL05,raycaster_v1,"{'KXHIGHLAX-26JUL05-T70': 0.005915985425621388, 'KXHIGHLAX-26JUL05-B70.5': 0.016056270464946804, 'KXHIGHLAX-26JUL05-B72.5': 0.0160562704649468, 'KXHIGHLAX-26JUL05-B74.5': 0.7334768925169994, 'KXHIGHLAX-26JUL05-B76.5': 0.08621807627689282, 'KXHIGHLAX-26JUL05-T77': 0.14227650485059273}",2026-07-05T11:00:00+00:00
la,KXHIGHLAX-26JUL05,raycaster_v1,"{'KXHIGHLAX-26JUL05-T70': 0.023843043026119965, 'KXHIGHLAX-26JUL05-B70.5': 0.014573192705526424, 'KXHIGHLAX-26JUL05-B72.5': 0.050351530332433767, 'KXHIGHLAX-26JUL05-B74.5': 0.7111567728615062, 'KXHIGHLAX-26JUL05-B76.5': 0.10297837015843436, 'KXHIGHLAX-26JUL05-T77': 0.09709709091597918}",2026-07-05T12:00:00+00:00
la,KXHIGHLAX-26JUL05,raycaster_v1,"{'KXHIGHLAX-26JUL05-T70': 0.022165083648521433, 'KXHIGHLAX-26JUL05-B70.5': 0.014712007690650238, 'KXHIGHLAX-26JUL05-B72.5': 0.03067707943727984, 'KXHIGHLAX-26JUL05-B74.5': 0.7040889341257567, 'KXHIGHLAX-26JUL05-B76.5': 0.08746632654000652, 'KXHIGHLAX-26JUL05-T77': 0.14089056855778526}",2026-07-05T13:00:00+00:00
la,KXHIGHLAX-26JUL05,raycaster_v1,"{'KXHIGHLAX-26JUL05-T70': 0.02214020730112755, 'KXHIGHLAX-26JUL05-B70.5': 0.01471406567241041, 'KXHIGHLAX-26JUL05-B72.5': 0.030681312468808182, 'KXHIGHLAX-26JUL05-B74.5': 0.7112332978835545, 'KXHIGHLAX-26JUL05-B76.5': 0.11686028036921126, 'KXHIGHLAX-26JUL05-T77': 0.10437083630488808}",2026-07-05T14:00:00+00:00
la,KXHIGHLAX-26JUL05,raycaster_v1,"{'KXHIGHLAX-26JUL05-T70': 0.012272496824582835, 'KXHIGHLAX-26JUL05-B70.5': 0.015530406104303498, 'KXHIGHLAX-26JUL05-B72.5': 0.015530406104303493, 'KXHIGHLAX-26JUL05-B74.5': 0.7355683596746954, 'KXHIGHLAX-26JUL05-B76.5': 0.11862044630034918, 'KXHIGHLAX-26JUL05-T77': 0.10247788499176558}",2026-07-05T15:00:00+00:00
la,KXHIGHLAX-26JUL05,raycaster_v1,"{'KXHIGHLAX-26JUL05-T70': 0.0033764018752236724, 'KXHIGHLAX-26JUL05-B70.5': 0.015006230556549555, 'KXHIGHLAX-26JUL05-B72.5': 0.03350849509622196, 'KXHIGHLAX-26JUL05-B74.5': 0.7216769610384645, 'KXHIGHLAX-26JUL05-B76.5': 0.11443543705843717, 'KXHIGHLAX-26JUL05-T77': 0.11199647437510318}",2026-07-05T16:00:00+00:00
mia,KXHIGHMIA-26JUL05,raycaster_v1,"{'KXHIGHMIA-26JUL05-T87': 0.0009990009990009992, 'KXHIGHMIA-26JUL05-B87.5': 0.02608944677802497, 'KXHIGHMIA-26JUL05-B89.5': 0.05751491936085268, 'KXHIGHMIA-26JUL05-B91.5': 0.3672505365548258, 'KXHIGHMIA-26JUL05-B93.5': 0.45448496958927387, 'KXHIGHMIA-26JUL05-T94': 0.09366112671802178}",2026-07-05T05:00:00+00:00
mia,KXHIGHMIA-26JUL05,raycaster_v1,"{'KXHIGHMIA-26JUL05-T87': 0.0009990009990009992, 'KXHIGHMIA-26JUL05-B87.5': 0.03046365585847209, 'KXHIGHMIA-26JUL05-B89.5': 0.053314023311225776, 'KXHIGHMIA-26JUL05-B91.5': 0.13195472946678152, 'KXHIGHMIA-26JUL05-B93.5': 0.6891261376499963, 'KXHIGHMIA-26JUL05-T94': 0.09414245271452341}",2026-07-05T06:00:00+00:00
mia,KXHIGHMIA-26JUL05,raycaster_v1,"{'KXHIGHMIA-26JUL05-T87': 0.000998003992015968, 'KXHIGHMIA-26JUL05-B87.5': 0.000998003992015968, 'KXHIGHMIA-26JUL05-B89.5': 0.041254826525775376, 'KXHIGHMIA-26JUL05-B91.5': 0.16785450214674183, 'KXHIGHMIA-26JUL05-B93.5': 0.6953242467423524, 'KXHIGHMIA-26JUL05-T94': 0.0935704166010985}",2026-07-05T07:00:00+00:00
mia,KXHIGHMIA-26JUL05,raycaster_v1,"{'KXHIGHMIA-26JUL05-T87': 0.000999000999000999, 'KXHIGHMIA-26JUL05-B87.5': 0.0017349538310616392, 'KXHIGHMIA-26JUL05-B89.5': 0.04169771335148238, 'KXHIGHMIA-26JUL05-B91.5': 0.16663611185186453, 'KXHIGHMIA-26JUL05-B93.5': 0.6942949888262606, 'KXHIGHMIA-26JUL05-T94': 0.09463723114032974}",2026-07-05T08:00:00+00:00
mia,KXHIGHMIA-26JUL05,raycaster_v1,"{'KXHIGHMIA-26JUL05-T87': 0.000999000999000999, 'KXHIGHMIA-26JUL05-B87.5': 0.009262748185417186, 'KXHIGHMIA-26JUL05-B89.5': 0.04011292340198389, 'KXHIGHMIA-26JUL05-B91.5': 0.17368258814256837, 'KXHIGHMIA-26JUL05-B93.5': 0.6812640533412244, 'KXHIGHMIA-26JUL05-T94': 0.09467868592980501}",2026-07-05T09:00:00+00:00
mia,KXHIGHMIA-26JUL05,raycaster_v1,"{'KXHIGHMIA-26JUL05-T87': 0.0009990009990009992, 'KXHIGHMIA-26JUL05-B87.5': 0.009560815375204694, 'KXHIGHMIA-26JUL05-B89.5': 0.040050172765553886, 'KXHIGHMIA-26JUL05-B91.5': 0.1756151136526182, 'KXHIGHMIA-26JUL05-B93.5': 0.6799911363395743, 'KXHIGHMIA-26JUL05-T94': 0.09378376086804792}",2026-07-05T10:00:00+00:00
mia,KXHIGHMIA-26JUL05,raycaster_v1,"{'KXHIGHMIA-26JUL05-T87': 0.0009990009990009992, 'KXHIGHMIA-26JUL05-B87.5': 0.012875660554946643, 'KXHIGHMIA-26JUL05-B89.5': 0.04797957582169875, 'KXHIGHMIA-26JUL05-B91.5': 0.21352166455253957, 'KXHIGHMIA-26JUL05-B93.5': 0.6305905969814061, 'KXHIGHMIA-26JUL05-T94': 0.09403350109040808}",2026-07-05T11:00:00+00:00
mia,KXHIGHMIA-26JUL05,raycaster_v1,"{'KXHIGHMIA-26JUL05-T87': 0.000999000999000999, 'KXHIGHMIA-26JUL05-B87.5': 0.021975947286667002, 'KXHIGHMIA-26JUL05-B89.5': 0.08391539181042532, 'KXHIGHMIA-26JUL05-B91.5': 0.1376221490011739, 'KXHIGHMIA-26JUL05-B93.5': 0.6612201248289543, 'KXHIGHMIA-26JUL05-T94': 0.09426738607377835}",2026-07-05T12:00:00+00:00
mia,KXHIGHMIA-26JUL05,raycaster_v1,"{'KXHIGHMIA-26JUL05-T87': 0.000999000999000999, 'KXHIGHMIA-26JUL05-B87.5': 0.02604946869877837, 'KXHIGHMIA-26JUL05-B89.5': 0.10458651856881346, 'KXHIGHMIA-26JUL05-B91.5': 0.1420537377837291, 'KXHIGHMIA-26JUL05-B93.5': 0.6325729020722223, 'KXHIGHMIA-26JUL05-T94': 0.09373837187745566}",2026-07-05T13:00:00+00:00
mia,KXHIGHMIA-26JUL05,raycaster_v1,"{'KXHIGHMIA-26JUL05-T87': 0.000999000999000999, 'KXHIGHMIA-26JUL05-B87.5': 0.014372623552867052, 'KXHIGHMIA-26JUL05-B89.5': 0.0505987211729942, 'KXHIGHMIA-26JUL05-B91.5': 0.14822210372742026, 'KXHIGHMIA-26JUL05-B93.5': 0.6921163062579605, 'KXHIGHMIA-26JUL05-T94': 0.09369124428975702}",2026-07-05T14:00:00+00:00
mia,KXHIGHMIA-26JUL05,raycaster_v1,"{'KXHIGHMIA-26JUL05-T87': 0.000999000999000999, 'KXHIGHMIA-26JUL05-B87.5': 0.012721745500555288, 'KXHIGHMIA-26JUL05-B89.5': 0.04814959861094845, 'KXHIGHMIA-26JUL05-B91.5': 0.16055587080504602, 'KXHIGHMIA-26JUL05-B93.5': 0.6839422039337414, 'KXHIGHMIA-26JUL05-T94': 0.09363158015070774}",2026-07-05T15:00:00+00:00
mia,KXHIGHMIA-26JUL05,raycaster_v1,"{'KXHIGHMIA-26JUL05-T87': 0.0009970089730807579, 'KXHIGHMIA-26JUL05-B87.5': 0.0009970089730807579, 'KXHIGHMIA-26JUL05-B89.5': 0.0009970089730807579, 'KXHIGHMIA-26JUL05-B91.5': 0.29727356017206574, 'KXHIGHMIA-26JUL05-B93.5': 0.6047655581152399, 'KXHIGHMIA-26JUL05-T94': 0.09496985479345219}",2026-07-05T16:00:00+00:00
nyc,KXHIGHNY-26JUL05,raycaster_v1,"{'KXHIGHNY-26JUL05-T84': 0.9003109644383446, 'KXHIGHNY-26JUL05-B84.5': 0.009766426848571763, 'KXHIGHNY-26JUL05-B86.5': 0.009766426848571763, 'KXHIGHNY-26JUL05-B88.5': 0.009766426848571763, 'KXHIGHNY-26JUL05-B90.5': 0.009766426848571763, 'KXHIGHNY-26JUL05-T91': 0.06062332816736837}",2026-07-05T05:00:00+00:00
nyc,KXHIGHNY-26JUL05,raycaster_v1,"{'KXHIGHNY-26JUL05-T84': 0.9041341806551024, 'KXHIGHNY-26JUL05-B84.5': 0.009014970091861252, 'KXHIGHNY-26JUL05-B86.5': 0.00901497009186114, 'KXHIGHNY-26JUL05-B88.5': 0.00901497009186114, 'KXHIGHNY-26JUL05-B90.5': 0.00901497009186114, 'KXHIGHNY-26JUL05-T91': 0.0598059389774529}",2026-07-05T06:00:00+00:00
nyc,KXHIGHNY-26JUL05,raycaster_v1,"{'KXHIGHNY-26JUL05-T84': 0.9099157316464371, 'KXHIGHNY-26JUL05-B84.5': 0.011171650974933, 'KXHIGHNY-26JUL05-B86.5': 0.01117165097493289, 'KXHIGHNY-26JUL05-B88.5': 0.011171650974933, 'KXHIGHNY-26JUL05-B90.5': 0.019248347261915932, 'KXHIGHNY-26JUL05-T91': 0.037320968166848045}",2026-07-05T07:00:00+00:00
nyc,KXHIGHNY-26JUL05,raycaster_v1,"{'KXHIGHNY-26JUL05-T84': 0.9090456415238053, 'KXHIGHNY-26JUL05-B84.5': 0.011414148682039382, 'KXHIGHNY-26JUL05-B86.5': 0.011414148682039382, 'KXHIGHNY-26JUL05-B88.5': 0.011414148682039493, 'KXHIGHNY-26JUL05-B90.5': 0.01940876551170756, 'KXHIGHNY-26JUL05-T91': 0.03730314691836889}",2026-07-05T08:00:00+00:00
nyc,KXHIGHNY-26JUL05,raycaster_v1,"{'KXHIGHNY-26JUL05-T84': 0.8819938438345749, 'KXHIGHNY-26JUL05-B84.5': 0.030145157959098223, 'KXHIGHNY-26JUL05-B86.5': 0.014629248261566086, 'KXHIGHNY-26JUL05-B88.5': 0.014629248261565975, 'KXHIGHNY-26JUL05-B90.5': 0.021352318162140893, 'KXHIGHNY-26JUL05-T91': 0.037250183521053915}",2026-07-05T09:00:00+00:00
nyc,KXHIGHNY-26JUL05,raycaster_v1,"{'KXHIGHNY-26JUL05-T84': 0.8486602359161195, 'KXHIGHNY-26JUL05-B84.5': 0.05732399662910781, 'KXHIGHNY-26JUL05-B86.5': 0.017007411849263465, 'KXHIGHNY-26JUL05-B88.5': 0.017007411849263576, 'KXHIGHNY-26JUL05-B90.5': 0.02241797996239636, 'KXHIGHNY-26JUL05-T91': 0.03758296379384929}",2026-07-05T10:00:00+00:00
nyc,KXHIGHNY-26JUL05,raycaster_v1,"{'KXHIGHNY-26JUL05-T84': 0.8991810130651685, 'KXHIGHNY-26JUL05-B84.5': 0.014685532018876568, 'KXHIGHNY-26JUL05-B86.5': 0.013961736550973325, 'KXHIGHNY-26JUL05-B88.5': 0.013961736550973325, 'KXHIGHNY-26JUL05-B90.5': 0.020829402141168796, 'KXHIGHNY-26JUL05-T91': 0.037380579672839476}",2026-07-05T11:00:00+00:00
nyc,KXHIGHNY-26JUL05,raycaster_v1,"{'KXHIGHNY-26JUL05-T84': 0.8988991834881007, 'KXHIGHNY-26JUL05-B84.5': 0.01494292583013701, 'KXHIGHNY-26JUL05-B86.5': 0.013971178375050686, 'KXHIGHNY-26JUL05-B88.5': 0.013971178375050686, 'KXHIGHNY-26JUL05-B90.5': 0.02052796145318314, 'KXHIGHNY-26JUL05-T91': 0.03768757247847776}",2026-07-05T12:00:00+00:00
nyc,KXHIGHNY-26JUL05,raycaster_v1,"{'KXHIGHNY-26JUL05-T84': 0.8067834353171273, 'KXHIGHNY-26JUL05-B84.5': 0.05799211348030764, 'KXHIGHNY-26JUL05-B86.5': 0.045135402470553365, 'KXHIGHNY-26JUL05-B88.5': 0.025244445548230465, 'KXHIGHNY-26JUL05-B90.5': 0.027549205127189724, 'KXHIGHNY-26JUL05-T91': 0.037295398056591544}",2026-07-05T13:00:00+00:00
nyc,KXHIGHNY-26JUL05,raycaster_v1,"{'KXHIGHNY-26JUL05-T84': 0.806198417225866, 'KXHIGHNY-26JUL05-B84.5': 0.05741436265242372, 'KXHIGHNY-26JUL05-B86.5': 0.045757343326201516, 'KXHIGHNY-26JUL05-B88.5': 0.025585009992429963, 'KXHIGHNY-26JUL05-B90.5': 0.027742286546548867, 'KXHIGHNY-26JUL05-T91': 0.03730258025652988}",2026-07-05T14:00:00+00:00
nyc,KXHIGHNY-26JUL05,raycaster_v1,"{'KXHIGHNY-26JUL05-T84': 0.8639133208170899, 'KXHIGHNY-26JUL05-B84.5': 0.04555211200141707, 'KXHIGHNY-26JUL05-B86.5': 0.015662298263813268, 'KXHIGHNY-26JUL05-B88.5': 0.015662298263813157, 'KXHIGHNY-26JUL05-B90.5': 0.02168814514586226, 'KXHIGHNY-26JUL05-T91': 0.037521825508004314}",2026-07-05T15:00:00+00:00
nyc,KXHIGHNY-26JUL05,raycaster_v1,"{'KXHIGHNY-26JUL05-T84': 0.8758180227676213, 'KXHIGHNY-26JUL05-B84.5': 0.0319956429594942, 'KXHIGHNY-26JUL05-B86.5': 0.010320211052503137, 'KXHIGHNY-26JUL05-B88.5': 0.010320211052503026, 'KXHIGHNY-26JUL05-B90.5': 0.010320211052503026, 'KXHIGHNY-26JUL05-T91': 0.061225701115375286}",2026-07-05T16:00:00+00:00
okc,KXHIGHTOKC-26JUL05,raycaster_v1,"{'KXHIGHTOKC-26JUL05-T90': 0.4955778015385919, 'KXHIGHTOKC-26JUL05-B90.5': 0.3176299657348869, 'KXHIGHTOKC-26JUL05-B92.5': 0.0971803093453244, 'KXHIGHTOKC-26JUL05-B94.5': 0.017605091451262322, 'KXHIGHTOKC-26JUL05-B96.5': 0.017605091451262322, 'KXHIGHTOKC-26JUL05-T97': 0.05440174047867219}",2026-07-05T06:00:00+00:00
okc,KXHIGHTOKC-26JUL05,raycaster_v1,"{'KXHIGHTOKC-26JUL05-T90': 0.6202536464839609, 'KXHIGHTOKC-26JUL05-B90.5': 0.2816592246856724, 'KXHIGHTOKC-26JUL05-B92.5': 0.014795918716943857, 'KXHIGHTOKC-26JUL05-B94.5': 0.014795918716943968, 'KXHIGHTOKC-26JUL05-B96.5': 0.014795918716943857, 'KXHIGHTOKC-26JUL05-T97': 0.05369937267953506}",2026-07-05T07:00:00+00:00
okc,KXHIGHTOKC-26JUL05,raycaster_v1,"{'KXHIGHTOKC-26JUL05-T90': 0.6332712881375413, 'KXHIGHTOKC-26JUL05-B90.5': 0.27041799416357415, 'KXHIGHTOKC-26JUL05-B92.5': 0.014249335143572295, 'KXHIGHTOKC-26JUL05-B94.5': 0.014249335143572184, 'KXHIGHTOKC-26JUL05-B96.5': 0.014249335143572295, 'KXHIGHTOKC-26JUL05-T97': 0.05356271226816778}",2026-07-05T08:00:00+00:00
okc,KXHIGHTOKC-26JUL05,raycaster_v1,"{'KXHIGHTOKC-26JUL05-T90': 0.635119865500239, 'KXHIGHTOKC-26JUL05-B90.5': 0.2704001981041432, 'KXHIGHTOKC-26JUL05-B92.5': 0.013686022423297528, 'KXHIGHTOKC-26JUL05-B94.5': 0.013686022423297528, 'KXHIGHTOKC-26JUL05-B96.5': 0.013686022423297528, 'KXHIGHTOKC-26JUL05-T97': 0.05342186912572522}",2026-07-05T09:00:00+00:00
okc,KXHIGHTOKC-26JUL05,raycaster_v1,"{'KXHIGHTOKC-26JUL05-T90': 0.6387881139694045, 'KXHIGHTOKC-26JUL05-B90.5': 0.2668263050859191, 'KXHIGHTOKC-26JUL05-B92.5': 0.013656990214126585, 'KXHIGHTOKC-26JUL05-B94.5': 0.013656990214126696, 'KXHIGHTOKC-26JUL05-B96.5': 0.013656990214126696, 'KXHIGHTOKC-26JUL05-T97': 0.05341461030229644}",2026-07-05T10:00:00+00:00
okc,KXHIGHTOKC-26JUL05,raycaster_v1,"{'KXHIGHTOKC-26JUL05-T90': 0.6383685675194947, 'KXHIGHTOKC-26JUL05-B90.5': 0.2670895234642464, 'KXHIGHTOKC-26JUL05-B92.5': 0.013705090766115702, 'KXHIGHTOKC-26JUL05-B94.5': 0.013705090766115813, 'KXHIGHTOKC-26JUL05-B96.5': 0.013705090766115702, 'KXHIGHTOKC-26JUL05-T97': 0.0534266367179117}",2026-07-05T11:00:00+00:00
okc,KXHIGHTOKC-26JUL05,raycaster_v1,"{'KXHIGHTOKC-26JUL05-T90': 0.6459915236682978, 'KXHIGHTOKC-26JUL05-B90.5': 0.25985363080592694, 'KXHIGHTOKC-26JUL05-B92.5': 0.01358599528084159, 'KXHIGHTOKC-26JUL05-B94.5': 0.01358599528084159, 'KXHIGHTOKC-26JUL05-B96.5': 0.0135859952808417, 'KXHIGHTOKC-26JUL05-T97': 0.053396859683250364}",2026-07-05T12:00:00+00:00
okc,KXHIGHTOKC-26JUL05,raycaster_v1,"{'KXHIGHTOKC-26JUL05-T90': 0.6427275634755988, 'KXHIGHTOKC-26JUL05-B90.5': 0.26246628065167155, 'KXHIGHTOKC-26JUL05-B92.5': 0.013786396826690583, 'KXHIGHTOKC-26JUL05-B94.5': 0.013786396826690472, 'KXHIGHTOKC-26JUL05-B96.5': 0.013786396826690583, 'KXHIGHTOKC-26JUL05-T97': 0.05344696539265803}",2026-07-05T13:00:00+00:00
okc,KXHIGHTOKC-26JUL05,raycaster_v1,"{'KXHIGHTOKC-26JUL05-T90': 0.6199330172524473, 'KXHIGHTOKC-26JUL05-B90.5': 0.25378633291251773, 'KXHIGHTOKC-26JUL05-B92.5': 0.04068257786928475, 'KXHIGHTOKC-26JUL05-B94.5': 0.01582117854805154, 'KXHIGHTOKC-26JUL05-B96.5': 0.01582117854805143, 'KXHIGHTOKC-26JUL05-T97': 0.05395571486964723}",2026-07-05T14:00:00+00:00
okc,KXHIGHTOKC-26JUL05,raycaster_v1,"{'KXHIGHTOKC-26JUL05-T90': 0.6839088929523791, 'KXHIGHTOKC-26JUL05-B90.5': 0.21783898532454604, 'KXHIGHTOKC-26JUL05-B92.5': 0.014846685345951682, 'KXHIGHTOKC-26JUL05-B94.5': 0.014846685345951793, 'KXHIGHTOKC-26JUL05-B96.5': 0.014846685345951682, 'KXHIGHTOKC-26JUL05-T97': 0.05371206568521969}",2026-07-05T15:00:00+00:00
okc,KXHIGHTOKC-26JUL05,raycaster_v1,"{'KXHIGHTOKC-26JUL05-T90': 0.6826343384198481, 'KXHIGHTOKC-26JUL05-B90.5': 0.21741099738276137, 'KXHIGHTOKC-26JUL05-B92.5': 0.015370540287488854, 'KXHIGHTOKC-26JUL05-B94.5': 0.015370540287488854, 'KXHIGHTOKC-26JUL05-B96.5': 0.015370540287488854, 'KXHIGHTOKC-26JUL05-T97': 0.05384304333492396}",2026-07-05T16:00:00+00:00
aus,KXHIGHAUS-26JUL06,raycaster_v1,"{'KXHIGHAUS-26JUL06-T94': 0.0009970089730807579, 'KXHIGHAUS-26JUL06-B94.5': 0.07226030380792972, 'KXHIGHAUS-26JUL06-B96.5': 0.16291070385773962, 'KXHIGHAUS-26JUL06-B98.5': 0.7618379654150884, 'KXHIGHAUS-26JUL06-B100.5': 0.0009970089730807579, 'KXHIGHAUS-26JUL06-T101': 0.0009970089730807579}",2026-07-06T16:00:00+00:00
aus,KXHIGHAUS-26JUL06,raycaster_v1,"{'KXHIGHAUS-26JUL06-T94': 0.0009970089730807579, 'KXHIGHAUS-26JUL06-B94.5': 0.07151719439584642, 'KXHIGHAUS-26JUL06-B96.5': 0.16268756059658157, 'KXHIGHAUS-26JUL06-B98.5': 0.7628042180883298, 'KXHIGHAUS-26JUL06-B100.5': 0.0009970089730807579, 'KXHIGHAUS-26JUL06-T101': 0.0009970089730807579}",2026-07-06T17:00:00+00:00
aus,KXHIGHAUS-26JUL06,raycaster_v1,"{'KXHIGHAUS-26JUL06-T94': 0.000999000999000999, 'KXHIGHAUS-26JUL06-B94.5': 0.057961545650860806, 'KXHIGHAUS-26JUL06-B96.5': 0.17671751196471935, 'KXHIGHAUS-26JUL06-B98.5': 0.7643219413854188}",2026-07-06T18:00:00+00:00
den,KXHIGHDEN-26JUL06,raycaster_v1,"{'KXHIGHDEN-26JUL06-T92': 0.0009970089730807576, 'KXHIGHDEN-26JUL06-B92.5': 0.0009970089730807576, 'KXHIGHDEN-26JUL06-B94.5': 0.12517435580968905, 'KXHIGHDEN-26JUL06-B96.5': 0.7955301079845007, 'KXHIGHDEN-26JUL06-B98.5': 0.07630450928656783, 'KXHIGHDEN-26JUL06-T99': 0.0009970089730807576}",2026-07-06T16:00:00+00:00
den,KXHIGHDEN-26JUL06,raycaster_v1,"{'KXHIGHDEN-26JUL06-T92': 0.0009970089730807579, 'KXHIGHDEN-26JUL06-B92.5': 0.0009970089730807579, 'KXHIGHDEN-26JUL06-B94.5': 0.12267848241027943, 'KXHIGHDEN-26JUL06-B96.5': 0.7982475350491436, 'KXHIGHDEN-26JUL06-B98.5': 0.07608295562133473, 'KXHIGHDEN-26JUL06-T99': 0.0009970089730807579}",2026-07-06T17:00:00+00:00
den,KXHIGHDEN-26JUL06,raycaster_v1,"{'KXHIGHDEN-26JUL06-T92': 0.0009970089730807576, 'KXHIGHDEN-26JUL06-B92.5': 0.0009970089730807576, 'KXHIGHDEN-26JUL06-B94.5': 0.11385445865066562, 'KXHIGHDEN-26JUL06-B96.5': 0.8072653925246343, 'KXHIGHDEN-26JUL06-B98.5': 0.07588912190545777, 'KXHIGHDEN-26JUL06-T99': 0.0009970089730807576}",2026-07-06T18:00:00+00:00
la,KXHIGHLAX-26JUL06,raycaster_v1,"{'KXHIGHLAX-26JUL06-T70': 0.0032919643450740853, 'KXHIGHLAX-26JUL06-B70.5': 0.01463095264477363, 'KXHIGHLAX-26JUL06-B72.5': 0.1094622649207801, 'KXHIGHLAX-26JUL06-B74.5': 0.6575852190875944, 'KXHIGHLAX-26JUL06-B76.5': 0.08374351304574534, 'KXHIGHLAX-26JUL06-T77': 0.13128608595603253}",2026-07-06T16:00:00+00:00
la,KXHIGHLAX-26JUL06,raycaster_v1,"{'KXHIGHLAX-26JUL06-T70': 0.0009990009990009992, 'KXHIGHLAX-26JUL06-B70.5': 0.004811572302042851, 'KXHIGHLAX-26JUL06-B72.5': 0.11467042840102942, 'KXHIGHLAX-26JUL06-B74.5': 0.6562021466215693, 'KXHIGHLAX-26JUL06-B76.5': 0.08575304395412739, 'KXHIGHLAX-26JUL06-T77': 0.13756380772223012}",2026-07-06T17:00:00+00:00
la,KXHIGHLAX-26JUL06,raycaster_v1,"{'KXHIGHLAX-26JUL06-T70': 0.000998003992015968, 'KXHIGHLAX-26JUL06-B70.5': 0.000998003992015968, 'KXHIGHLAX-26JUL06-B72.5': 0.006833774369420316, 'KXHIGHLAX-26JUL06-B74.5': 0.7462717807734297, 'KXHIGHLAX-26JUL06-B76.5': 0.12720283280047787, 'KXHIGHLAX-26JUL06-T77': 0.11769560407264026}",2026-07-06T18:00:00+00:00
mia,KXHIGHMIA-26JUL06,raycaster_v1,"{'KXHIGHMIA-26JUL06-T87': 0.000999000999000999, 'KXHIGHMIA-26JUL06-B87.5': 0.02330208782939026, 'KXHIGHMIA-26JUL06-B89.5': 0.10601928997666554, 'KXHIGHMIA-26JUL06-B91.5': 0.3167346676177874, 'KXHIGHMIA-26JUL06-B93.5': 0.46261683784579377, 'KXHIGHMIA-26JUL06-T94': 0.09032811573136193}",2026-07-06T16:00:00+00:00
mia,KXHIGHMIA-26JUL06,raycaster_v1,"{'KXHIGHMIA-26JUL06-T87': 0.000998003992015968, 'KXHIGHMIA-26JUL06-B87.5': 0.000998003992015968, 'KXHIGHMIA-26JUL06-B89.5': 0.10032152638218204, 'KXHIGHMIA-26JUL06-B91.5': 0.5763066028753143, 'KXHIGHMIA-26JUL06-B93.5': 0.2312534045209927, 'KXHIGHMIA-26JUL06-T94': 0.09012245823747898}",2026-07-06T17:00:00+00:00
mia,KXHIGHMIA-26JUL06,raycaster_v1,"{'KXHIGHMIA-26JUL06-T87': 0.0009970089730807579, 'KXHIGHMIA-26JUL06-B87.5': 0.0009970089730807579, 'KXHIGHMIA-26JUL06-B89.5': 0.0009970089730807579, 'KXHIGHMIA-26JUL06-B91.5': 0.5001694478138207, 'KXHIGHMIA-26JUL06-B93.5': 0.4017733245482696, 'KXHIGHMIA-26JUL06-T94': 0.0950662007186676}",2026-07-06T18:00:00+00:00
nyc,KXHIGHNY-26JUL06,raycaster_v1,"{'KXHIGHNY-26JUL06-T75': 0.9029525390753613, 'KXHIGHNY-26JUL06-B75.5': 0.00465583031516037, 'KXHIGHNY-26JUL06-B77.5': 0.004655830315160259, 'KXHIGHNY-26JUL06-B79.5': 0.004655830315160259, 'KXHIGHNY-26JUL06-B81.5': 0.004655830315160259, 'KXHIGHNY-26JUL06-T82': 0.07842413966399753}",2026-07-06T16:00:00+00:00
nyc,KXHIGHNY-26JUL06,raycaster_v1,"{'KXHIGHNY-26JUL06-T75': 0.9029556993856, 'KXHIGHNY-26JUL06-B75.5': 0.0046556786999807365, 'KXHIGHNY-26JUL06-B77.5': 0.0046556786999807365, 'KXHIGHNY-26JUL06-B79.5': 0.0046556786999806254, 'KXHIGHNY-26JUL06-B81.5': 0.0046556786999807365, 'KXHIGHNY-26JUL06-T82': 0.07842158581447711}",2026-07-06T17:00:00+00:00
nyc,KXHIGHNY-26JUL06,raycaster_v1,"{'KXHIGHNY-26JUL06-T75': 0.9002434558473313, 'KXHIGHNY-26JUL06-B75.5': 0.004915127830750432, 'KXHIGHNY-26JUL06-B77.5': 0.004915127830750321, 'KXHIGHNY-26JUL06-B79.5': 0.004915127830750543, 'KXHIGHNY-26JUL06-B81.5': 0.004915127830750432, 'KXHIGHNY-26JUL06-T82': 0.08009603282966693}",2026-07-06T18:00:00+00:00
okc,KXHIGHTOKC-26JUL06,raycaster_v1,"{'KXHIGHTOKC-26JUL06-T93': 0.8291299458017997, 'KXHIGHTOKC-26JUL06-B93.5': 0.08526243209861174, 'KXHIGHTOKC-26JUL06-B95.5': 0.019804597207275145, 'KXHIGHTOKC-26JUL06-B97.5': 0.02559180912816121, 'KXHIGHTOKC-26JUL06-B99.5': 0.03921221476515131, 'KXHIGHTOKC-26JUL06-T100': 0.0009990009990009992}",2026-07-06T16:00:00+00:00
okc,KXHIGHTOKC-26JUL06,raycaster_v1,"{'KXHIGHTOKC-26JUL06-T93': 0.803876721218445, 'KXHIGHTOKC-26JUL06-B93.5': 0.12978716987631528, 'KXHIGHTOKC-26JUL06-B95.5': 0.06334508198599761, 'KXHIGHTOKC-26JUL06-B97.5': 0.0009970089730807579, 'KXHIGHTOKC-26JUL06-B99.5': 0.0009970089730807579, 'KXHIGHTOKC-26JUL06-T100': 0.0009970089730807579}",2026-07-06T17:00:00+00:00
