brier_delta,cloudcaster_beats_market_log_loss,count,group,log_loss_delta,market_brier,market_log_loss,market_top_one_accuracy,market_winner_probability,model_brier,model_log_loss,model_top_one_accuracy,model_winner_probability,top_one_accuracy_delta,winner_probability_delta
0.13746179386480986,False,60,t_plus_0h,0.2703541406631224,0.6065993601297873,1.0862880861707538,0.5333333333333333,0.3856722816545448,0.7440611539945972,1.3566422268338763,0.38333333333333336,0.3433457050256487,-0.15,-0.04232657662889614
0.09409235589482712,False,64,t_plus_10h,0.1515547416281577,0.5984621037840681,1.0033362823699339,0.390625,0.4268827534018922,0.6925544596788952,1.1548910239980916,0.375,0.38044662670007123,-0.015625,-0.046436126701820964
0.1307098688740271,False,66,t_plus_11h,0.24501222441748782,0.5461270715046754,0.9202670550288632,0.48484848484848486,0.4763464324330817,0.6768369403787026,1.165279279446351,0.4090909090909091,0.39944501612429195,-0.07575757575757576,-0.07690141630878973
0.17067511285828924,False,66,t_plus_12h,0.3034568516930885,0.4412281479812809,0.7453559904502436,0.6212121212121212,0.560759242415321,0.6119032608395701,1.048812842143332,0.5,0.4518549328710221,-0.12121212121212122,-0.10890430954429894
0.09975711419159122,False,66,t_plus_13h,0.20181866111553798,0.3656011958904183,0.5991099843945773,0.6818181818181818,0.642591121530098,0.46535831008200945,0.8009286455101152,0.6515151515151515,0.5470648422651522,-0.030303030303030304,-0.0955262792649459
0.13760859383818186,False,66,t_plus_14h,0.27591847341498515,0.20901428627489002,0.36272729905209,0.8484848484848485,0.7532701158018629,0.34662288011307185,0.6386457724670751,0.7424242424242424,0.6215691734597233,-0.10606060606060606,-0.13170094234213947
0.12828903396300292,False,66,t_plus_15h,0.2691120698181292,0.16311990312753685,0.27804904177330525,0.8636363636363636,0.8152464727386747,0.29140893709053983,0.5471611115914344,0.803030303030303,0.677273324558568,-0.06060606060606061,-0.13797314818010661
0.12985107765041687,False,66,t_plus_16h,0.25799889701580253,0.023779331195508204,0.07325462981714335,0.9848484848484849,0.9359151890481877,0.1536304088459251,0.3312535268329459,0.9393939393939394,0.7803588931843476,-0.045454545454545456,-0.15555629586384012
0.11226189679690037,False,66,t_plus_17h,0.24551418033702974,0.0025586618907645115,0.03361800792983904,1.0,0.9672949656048873,0.11482055868766489,0.27913218826686875,0.9696969696969697,0.8153293642487656,-0.030303030303030304,-0.1519656013561217
0.10724608690598353,False,66,t_plus_18h,0.23534225385627155,0.0012536116526646523,0.02820092719111631,1.0,0.972288354346071,0.10849969855864817,0.2635431810473879,0.9696969696969697,0.8255424484033527,-0.030303030303030304,-0.14674590594271814
0.09836514054899789,False,65,t_plus_19h,0.2173494327526238,0.0010617040264208786,0.027387316281468933,1.0,0.9730431262232511,0.09942684457541877,0.24473674903409273,0.9692307692307692,0.8364350475504823,-0.03076923076923077,-0.13660807867276892
0.0837622045621796,False,60,t_plus_1h,0.20956053120558207,0.6251644053732749,1.1125918172528222,0.48333333333333334,0.38229000150124726,0.7089266099354545,1.322152348458404,0.36666666666666664,0.36179560782635206,-0.11666666666666667,-0.020494393674895136
0.09469014800540007,False,65,t_plus_20h,0.20656647284048005,0.0010871512555111502,0.027342655994436284,1.0,0.9730941164390415,0.09577729926091122,0.23390912883491632,0.9846153846153847,0.8406493938102925,-0.015384615384615385,-0.13244472262874896
0.08254101053574271,False,64,t_plus_21h,0.18131047902759898,0.0012089062513066396,0.027861232568647802,1.0,0.9726138958433043,0.08374991678704935,0.20917171159624678,1.0,0.8522625703608557,0.0,-0.12035132548244852
0.09232823831638257,False,66,t_plus_22h,0.198451906256326,0.0013964067794416612,0.028637903407249123,1.0,0.9719156921992167,0.09372464509582423,0.22708980966357514,1.0,0.8399619192629353,0.0,-0.1319537729362815
0.0950305670414385,False,66,t_plus_23h,0.1959037348473506,0.0015134482014382573,0.029319697690704905,1.0,0.9712933589268197,0.09654401524287676,0.22522343253805552,0.9848484848484849,0.8414173065806287,-0.015151515151515152,-0.1298760523461908
0.10559206193604957,False,60,t_plus_2h,0.26668737296629363,0.6195783305579713,1.096138753327371,0.48333333333333334,0.38675196757064756,0.7251703924940209,1.3628261262936647,0.4166666666666667,0.356518176812281,-0.06666666666666667,-0.030233790758366533
0.13556535727901486,False,60,t_plus_3h,0.2826723623978032,0.6058112439193923,1.0615193816379012,0.48333333333333334,0.39973032045652573,0.7413766011984072,1.3441917440357043,0.4,0.35292895091310594,-0.08333333333333333,-0.04680136954341976
0.12094030484777298,False,60,t_plus_4h,0.2498116302200723,0.6063555500591762,1.0668494441625282,0.4666666666666667,0.4005024183804835,0.7272958549069491,1.3166610743826006,0.4,0.36416058372902416,-0.06666666666666667,-0.03634183465145941
0.09076306960313742,False,60,t_plus_5h,0.23172647981865555,0.6220327603666138,1.1066423793476214,0.45,0.39012825254487027,0.7127958299697513,1.338368859166277,0.4,0.36548592168924493,-0.05,-0.024642330855625304
0.08175061175156499,False,60,t_plus_6h,0.25467851200492325,0.6334955713799321,1.1192705656260122,0.4166666666666667,0.3881482500983594,0.715246183131497,1.3739490776309355,0.4,0.36700889681532833,-0.016666666666666666,-0.021139353283031063
0.09264249255476834,False,60,t_plus_7h,0.3223596207316827,0.6211502486377084,1.0994498319456503,0.43333333333333335,0.3957915962588866,0.7137927411924767,1.4218094526773328,0.4,0.36811613715452685,-0.03333333333333333,-0.027675459104359736
0.10642152024161292,False,61,t_plus_8h,0.24668384375339397,0.6083377904927119,1.0800182195447248,0.45901639344262296,0.4072871707414339,0.7147593107343247,1.3267020632981188,0.4426229508196721,0.37587795033002325,-0.01639344262295082,-0.03140922041141068
0.13146803932180892,False,62,t_plus_9h,0.2771778408415805,0.6082378430016603,1.039266269117539,0.41935483870967744,0.4092383017148132,0.7397058823234692,1.3164441099591195,0.3709677419354839,0.35907612812379575,-0.04838709677419355,-0.05016217359101741
