ci_high,ci_low,estimate,groups,metric,model_name,samples,seed,weighting
0.16915968113083496,-0.262751068376068,-0.04962689020381314,13,bias,source_blend,500,17,target_day_bootstrap
0.597396812497614,0.4916987548836271,0.5435782041291463,12,brier,source_blend,500,17,target_day_bootstrap
1.1214301916093439,0.9210597071245945,1.02377102059074,12,log_loss,source_blend,500,17,target_day_bootstrap
1.3082318376068376,0.9943717126890196,1.156273833004602,13,mae,source_blend,500,17,target_day_bootstrap
1.7058061998717737,1.3320508664281352,1.5296405477877697,13,rmse,source_blend,500,17,target_day_bootstrap
0.20962443466622943,0.0698175844934048,0.1322227069580744,12,rps,source_blend,500,17,target_day_bootstrap
0.7020995684598625,0.5484545206971677,0.616528443347862,12,top_one_accuracy,source_blend,500,17,target_day_bootstrap
0.4927926342794332,0.42373769348502033,0.45698079281324416,12,winner_probability,source_blend,500,17,target_day_bootstrap
0.6558596318211704,0.4951923076923077,0.5710059171597633,13,within_1f,source_blend,500,17,target_day_bootstrap
0.8627136752136753,0.7489316239316239,0.8050213675213675,13,within_2f,source_blend,500,17,target_day_bootstrap
-0.0003159927679159488,-0.43588675213675165,-0.2332700525969756,13,bias,family_blend,500,17,target_day_bootstrap
0.6310617615240288,0.5255729402910648,0.5763504139579935,12,brier,family_blend,500,17,target_day_bootstrap
1.2348291302950858,0.9643149555351775,1.0964301129503307,12,log_loss,family_blend,500,17,target_day_bootstrap
1.3714875082182771,1.0699379520052583,1.2342439184746872,13,mae,family_blend,500,17,target_day_bootstrap
1.7918878860984693,1.4101669129299583,1.6117691635311806,13,rmse,family_blend,500,17,target_day_bootstrap
0.21711407497436508,0.07759650289866345,0.1376507883918811,12,rps,family_blend,500,17,target_day_bootstrap
0.6753189416792358,0.5117284129312267,0.5935681929747469,12,top_one_accuracy,family_blend,500,17,target_day_bootstrap
0.4598263239589032,0.3901200285620917,0.42463561312567866,12,winner_probability,family_blend,500,17,target_day_bootstrap
0.6131245890861275,0.46634615384615385,0.5298734385272847,13,within_1f,family_blend,500,17,target_day_bootstrap
0.8370726495726496,0.686965811965812,0.7596153846153846,13,within_2f,family_blend,500,17,target_day_bootstrap
0.3556390191635722,-0.1304250560908198,0.11825233669284912,13,bias,raycaster,500,17,target_day_bootstrap
0.6083353588125878,0.5259592166462945,0.5679192094155884,12,brier,raycaster,500,17,target_day_bootstrap
1.1306180545764417,0.9618991300619305,1.0501737839081975,12,log_loss,raycaster,500,17,target_day_bootstrap
1.2418433341119026,0.9824596654345978,1.1211199596176105,13,mae,raycaster,500,17,target_day_bootstrap
1.6862982273669558,1.3062978925454614,1.499873159832049,13,rmse,raycaster,500,17,target_day_bootstrap
0.18712734197672484,0.07345295215325641,0.12346401569611047,12,rps,raycaster,500,17,target_day_bootstrap
0.6765753309870957,0.5310403907844853,0.6011211474461243,12,top_one_accuracy,raycaster,500,17,target_day_bootstrap
0.42670778542340765,0.36354820387319187,0.3962047885923552,12,winner_probability,raycaster,500,17,target_day_bootstrap
0.6697896120973044,0.530448717948718,0.596112754766601,13,within_1f,raycaster,500,17,target_day_bootstrap
0.8739316239316239,0.767094017094017,0.8221153846153846,13,within_2f,raycaster,500,17,target_day_bootstrap
0.2802622278155187,-0.24069076195004757,0.029408337160150004,13,bias,raycaster_family_v2,500,17,target_day_bootstrap
0.6189535073523725,0.5311869318385981,0.5727352297318027,12,brier,raycaster_family_v2,500,17,target_day_bootstrap
1.1404216891023433,0.9690243247735698,1.0575480185418533,12,log_loss,raycaster_family_v2,500,17,target_day_bootstrap
1.2960611131266109,1.0391143886861753,1.1717799958279629,13,mae,raycaster_family_v2,500,17,target_day_bootstrap
1.6944123346678919,1.3292350406743518,1.5011718237251168,13,rmse,raycaster_family_v2,500,17,target_day_bootstrap
0.2020305051535851,0.07624951571089886,0.12626550913084583,12,rps,raycaster_family_v2,500,17,target_day_bootstrap
0.6515721887045416,0.47711614173228345,0.5666589800332273,12,top_one_accuracy,raycaster_family_v2,500,17,target_day_bootstrap
0.42447453327368523,0.35951104213883867,0.39157330500377446,12,winner_probability,raycaster_family_v2,500,17,target_day_bootstrap
0.6184253780407627,0.46474358974358976,0.5352153188691651,13,within_1f,raycaster_family_v2,500,17,target_day_bootstrap
0.8728632478632479,0.7777777777777778,0.827457264957265,13,within_2f,raycaster_family_v2,500,17,target_day_bootstrap
0.3381642783656832,-0.13575365507807466,0.11825233669284912,13,bias,raycaster_source_blend_hybrid,500,17,target_day_bootstrap
0.5936222262530996,0.49875502732099625,0.5435782041291463,12,brier,raycaster_source_blend_hybrid,500,17,target_day_bootstrap
1.1229140194039138,0.9147784282062077,1.02377102059074,12,log_loss,raycaster_source_blend_hybrid,500,17,target_day_bootstrap
1.2412828772990308,0.987012113108228,1.1211199596176105,13,mae,raycaster_source_blend_hybrid,500,17,target_day_bootstrap
1.6740890809021725,1.3070930951765738,1.499873159832049,13,rmse,raycaster_source_blend_hybrid,500,17,target_day_bootstrap
0.22789821608447028,0.07154918637275637,0.1322227069580744,12,rps,raycaster_source_blend_hybrid,500,17,target_day_bootstrap
0.689400594345013,0.5426674836601307,0.616528443347862,12,top_one_accuracy,raycaster_source_blend_hybrid,500,17,target_day_bootstrap
0.4981691888246968,0.4189736989117641,0.45698079281324416,12,winner_probability,raycaster_source_blend_hybrid,500,17,target_day_bootstrap
0.6585305719921105,0.5331196581196581,0.596112754766601,13,within_1f,raycaster_source_blend_hybrid,500,17,target_day_bootstrap
0.875,0.7612179487179487,0.8221153846153846,13,within_2f,raycaster_source_blend_hybrid,500,17,target_day_bootstrap
