count,group,metric,metric_type,model_name,value
13,2026-07-01,mae,temperature,source_blend,0.70461538461538
13,2026-07-01,rmse,temperature,source_blend,0.803913504723559
13,2026-07-01,bias,temperature,source_blend,0.21846153846153654
13,2026-07-01,within_1f,temperature,source_blend,0.9230769230769231
13,2026-07-01,within_2f,temperature,source_blend,1.0
144,2026-07-02,mae,temperature,source_blend,0.9462500000000009
144,2026-07-02,rmse,temperature,source_blend,1.406055850795251
144,2026-07-02,bias,temperature,source_blend,-0.6265277777777774
144,2026-07-02,within_1f,temperature,source_blend,0.7083333333333334
144,2026-07-02,within_2f,temperature,source_blend,0.9027777777777778
144,2026-07-03,mae,temperature,source_blend,1.0347916666666666
144,2026-07-03,rmse,temperature,source_blend,1.4671630315377735
144,2026-07-03,bias,temperature,source_blend,0.017430555555556775
144,2026-07-03,within_1f,temperature,source_blend,0.6597222222222222
144,2026-07-03,within_2f,temperature,source_blend,0.8680555555555556
144,2026-07-04,mae,temperature,source_blend,1.3445833333333341
144,2026-07-04,rmse,temperature,source_blend,1.8097824454889604
144,2026-07-04,bias,temperature,source_blend,-0.5036111111111107
144,2026-07-04,within_1f,temperature,source_blend,0.5208333333333334
144,2026-07-04,within_2f,temperature,source_blend,0.6527777777777778
144,2026-07-05,mae,temperature,source_blend,1.715902777777778
144,2026-07-05,rmse,temperature,source_blend,2.190079748674819
144,2026-07-05,bias,temperature,source_blend,0.23965277777777802
144,2026-07-05,within_1f,temperature,source_blend,0.3888888888888889
144,2026-07-05,within_2f,temperature,source_blend,0.6736111111111112
144,2026-07-06,mae,temperature,source_blend,1.3498611111111114
144,2026-07-06,rmse,temperature,source_blend,1.8010429077497176
144,2026-07-06,bias,temperature,source_blend,-0.2613888888888877
144,2026-07-06,within_1f,temperature,source_blend,0.4166666666666667
144,2026-07-06,within_2f,temperature,source_blend,0.7847222222222222
144,2026-07-07,mae,temperature,source_blend,1.295972222222221
144,2026-07-07,rmse,temperature,source_blend,1.62100877370989
144,2026-07-07,bias,temperature,source_blend,-0.20333333333333276
144,2026-07-07,within_1f,temperature,source_blend,0.4027777777777778
144,2026-07-07,within_2f,temperature,source_blend,0.8263888888888888
144,2026-07-08,mae,temperature,source_blend,1.433750000000001
144,2026-07-08,rmse,temperature,source_blend,1.7804439209240934
144,2026-07-08,bias,temperature,source_blend,-0.32138888888889
144,2026-07-08,within_1f,temperature,source_blend,0.3819444444444444
144,2026-07-08,within_2f,temperature,source_blend,0.7083333333333334
144,2026-07-09,mae,temperature,source_blend,1.2813888888888885
144,2026-07-09,rmse,temperature,source_blend,1.672380621881408
144,2026-07-09,bias,temperature,source_blend,0.7137500000000008
144,2026-07-09,within_1f,temperature,source_blend,0.5138888888888888
144,2026-07-09,within_2f,temperature,source_blend,0.7152777777777778
144,2026-07-10,mae,temperature,source_blend,1.3445138888888895
144,2026-07-10,rmse,temperature,source_blend,1.7269427465900544
144,2026-07-10,bias,temperature,source_blend,0.49715277777777733
144,2026-07-10,within_1f,temperature,source_blend,0.5
144,2026-07-10,within_2f,temperature,source_blend,0.6944444444444444
144,2026-07-11,mae,temperature,source_blend,0.6220138888888891
144,2026-07-11,rmse,temperature,source_blend,0.796107282692198
144,2026-07-11,bias,temperature,source_blend,0.11729166666666607
144,2026-07-11,within_1f,temperature,source_blend,0.7361111111111112
144,2026-07-11,within_2f,temperature,source_blend,0.9791666666666666
144,2026-07-12,mae,temperature,source_blend,0.9193055555555552
144,2026-07-12,rmse,temperature,source_blend,1.3015546259932558
144,2026-07-12,bias,temperature,source_blend,-0.5423611111111105
144,2026-07-12,within_1f,temperature,source_blend,0.6111111111111112
144,2026-07-12,within_2f,temperature,source_blend,0.875
144,2026-07-13,mae,temperature,source_blend,1.0386111111111116
144,2026-07-13,rmse,temperature,source_blend,1.5088516604800266
144,2026-07-13,bias,temperature,source_blend,0.009722222222222656
144,2026-07-13,within_1f,temperature,source_blend,0.6597222222222222
144,2026-07-13,within_2f,temperature,source_blend,0.7847222222222222
13,2026-07-01,log_loss,bracket,source_blend,0.7987433242729673
13,2026-07-01,brier,bracket,source_blend,0.47060325824510646
13,2026-07-01,rps,bracket,source_blend,0.08860655703465345
13,2026-07-01,top_one_accuracy,bracket,source_blend,0.9230769230769231
13,2026-07-01,winner_probability,bracket,source_blend,0.46565540451215753
127,2026-07-02,log_loss,bracket,source_blend,1.2284925513669036
127,2026-07-02,brier,bracket,source_blend,0.5100832098669357
127,2026-07-02,rps,bracket,source_blend,0.07456833124089249
127,2026-07-02,top_one_accuracy,bracket,source_blend,0.6299212598425197
127,2026-07-02,winner_probability,bracket,source_blend,0.5570117455407599
85,2026-07-04,log_loss,bracket,source_blend,0.6886841688556704
85,2026-07-04,brier,bracket,source_blend,0.3730120513377515
85,2026-07-04,rps,bracket,source_blend,0.045591569103984014
85,2026-07-04,top_one_accuracy,bracket,source_blend,0.7411764705882353
85,2026-07-04,winner_probability,bracket,source_blend,0.6060968521712765
144,2026-07-05,log_loss,bracket,source_blend,1.1665583342059314
144,2026-07-05,brier,bracket,source_blend,0.6288962408632331
144,2026-07-05,rps,bracket,source_blend,0.2979850677658238
144,2026-07-05,top_one_accuracy,bracket,source_blend,0.5347222222222222
144,2026-07-05,winner_probability,bracket,source_blend,0.42382279159536346
144,2026-07-06,log_loss,bracket,source_blend,0.9193854017375969
144,2026-07-06,brier,bracket,source_blend,0.4973431018622989
144,2026-07-06,rps,bracket,source_blend,0.5345873062668932
144,2026-07-06,top_one_accuracy,bracket,source_blend,0.6875
144,2026-07-06,winner_probability,bracket,source_blend,0.4895315657694123
144,2026-07-07,log_loss,bracket,source_blend,0.9679903502964443
144,2026-07-07,brier,bracket,source_blend,0.5212820242108733
144,2026-07-07,rps,bracket,source_blend,0.07057617169626236
144,2026-07-07,top_one_accuracy,bracket,source_blend,0.5625
144,2026-07-07,winner_probability,bracket,source_blend,0.4891244147763595
144,2026-07-08,log_loss,bracket,source_blend,1.3422434189211265
144,2026-07-08,brier,bracket,source_blend,0.7118367397267596
144,2026-07-08,rps,bracket,source_blend,0.11402698757204018
144,2026-07-08,top_one_accuracy,bracket,source_blend,0.3958333333333333
144,2026-07-08,winner_probability,bracket,source_blend,0.3512652062292337
144,2026-07-09,log_loss,bracket,source_blend,1.232948092328042
144,2026-07-09,brier,bracket,source_blend,0.642744399037001
144,2026-07-09,rps,bracket,source_blend,0.09888350165976172
144,2026-07-09,top_one_accuracy,bracket,source_blend,0.4791666666666667
144,2026-07-09,winner_probability,bracket,source_blend,0.3701576222580478
144,2026-07-10,log_loss,bracket,source_blend,1.1050575517365204
144,2026-07-10,brier,bracket,source_blend,0.6017527035824546
144,2026-07-10,rps,bracket,source_blend,0.08262034812915527
144,2026-07-10,top_one_accuracy,bracket,source_blend,0.5069444444444444
144,2026-07-10,winner_probability,bracket,source_blend,0.39357853487088823
144,2026-07-11,log_loss,bracket,source_blend,0.8655891613013246
144,2026-07-11,brier,bracket,source_blend,0.470120892948735
144,2026-07-11,rps,bracket,source_blend,0.05033796672957293
144,2026-07-11,top_one_accuracy,bracket,source_blend,0.7291666666666666
144,2026-07-11,winner_probability,bracket,source_blend,0.45069837209860164
144,2026-07-12,log_loss,bracket,source_blend,1.0062435140763069
144,2026-07-12,brier,bracket,source_blend,0.5324097033704265
144,2026-07-12,rps,bracket,source_blend,0.0716372065391398
144,2026-07-12,top_one_accuracy,bracket,source_blend,0.5625
144,2026-07-12,winner_probability,bracket,source_blend,0.454947826674876
144,2026-07-13,log_loss,bracket,source_blend,0.9633163779900451
144,2026-07-13,brier,bracket,source_blend,0.5628541244981797
144,2026-07-13,rps,bracket,source_blend,0.0572514697587134
144,2026-07-13,top_one_accuracy,bracket,source_blend,0.6458333333333334
144,2026-07-13,winner_probability,bracket,source_blend,0.4318791772619536
13,2026-07-01,mae,temperature,family_blend,0.70461538461538
13,2026-07-01,rmse,temperature,family_blend,0.803913504723559
13,2026-07-01,bias,temperature,family_blend,0.21846153846153654
13,2026-07-01,within_1f,temperature,family_blend,0.9230769230769231
13,2026-07-01,within_2f,temperature,family_blend,1.0
144,2026-07-02,mae,temperature,family_blend,1.048333333333333
144,2026-07-02,rmse,temperature,family_blend,1.472047421488557
144,2026-07-02,bias,temperature,family_blend,-0.818888888888888
144,2026-07-02,within_1f,temperature,family_blend,0.6111111111111112
144,2026-07-02,within_2f,temperature,family_blend,0.7986111111111112
144,2026-07-03,mae,temperature,family_blend,1.2170833333333348
144,2026-07-03,rmse,temperature,family_blend,1.5958653173470227
144,2026-07-03,bias,temperature,family_blend,-0.12111111111111139
144,2026-07-03,within_1f,temperature,family_blend,0.5555555555555556
144,2026-07-03,within_2f,temperature,family_blend,0.7847222222222222
144,2026-07-04,mae,temperature,family_blend,1.393472222222221
144,2026-07-04,rmse,temperature,family_blend,1.7716666666666643
144,2026-07-04,bias,temperature,family_blend,-0.8941666666666654
144,2026-07-04,within_1f,temperature,family_blend,0.4097222222222222
144,2026-07-04,within_2f,temperature,family_blend,0.6944444444444444
144,2026-07-05,mae,temperature,family_blend,1.7165277777777783
144,2026-07-05,rmse,temperature,family_blend,2.2211030167714223
144,2026-07-05,bias,temperature,family_blend,-0.05611111111111051
144,2026-07-05,within_1f,temperature,family_blend,0.4513888888888889
144,2026-07-05,within_2f,temperature,family_blend,0.5833333333333334
144,2026-07-06,mae,temperature,family_blend,1.5854861111111112
144,2026-07-06,rmse,temperature,family_blend,2.0316141981193176
144,2026-07-06,bias,temperature,family_blend,-0.4953472222222211
144,2026-07-06,within_1f,temperature,family_blend,0.3888888888888889
144,2026-07-06,within_2f,temperature,family_blend,0.6041666666666666
144,2026-07-07,mae,temperature,family_blend,1.3588888888888886
144,2026-07-07,rmse,temperature,family_blend,1.7891994640682802
144,2026-07-07,bias,temperature,family_blend,-0.38972222222222275
144,2026-07-07,within_1f,temperature,family_blend,0.4861111111111111
144,2026-07-07,within_2f,temperature,family_blend,0.625
144,2026-07-08,mae,temperature,family_blend,1.566458333333333
144,2026-07-08,rmse,temperature,family_blend,2.0066291178657467
144,2026-07-08,bias,temperature,family_blend,-0.6709027777777783
144,2026-07-08,within_1f,temperature,family_blend,0.3888888888888889
144,2026-07-08,within_2f,temperature,family_blend,0.6319444444444444
144,2026-07-09,mae,temperature,family_blend,1.3209722222222224
144,2026-07-09,rmse,temperature,family_blend,1.6637670610194608
144,2026-07-09,bias,temperature,family_blend,0.4915277777777777
144,2026-07-09,within_1f,temperature,family_blend,0.5277777777777778
144,2026-07-09,within_2f,temperature,family_blend,0.6597222222222222
144,2026-07-10,mae,temperature,family_blend,1.2149999999999987
144,2026-07-10,rmse,temperature,family_blend,1.5038270623091372
144,2026-07-10,bias,temperature,family_blend,0.4183333333333333
144,2026-07-10,within_1f,temperature,family_blend,0.4722222222222222
144,2026-07-10,within_2f,temperature,family_blend,0.7638888888888888
144,2026-07-11,mae,temperature,family_blend,0.9920833333333342
144,2026-07-11,rmse,temperature,family_blend,1.1481222592660691
144,2026-07-11,bias,temperature,family_blend,0.0631944444444445
144,2026-07-11,within_1f,temperature,family_blend,0.4305555555555556
144,2026-07-11,within_2f,temperature,family_blend,1.0
144,2026-07-12,mae,temperature,family_blend,0.9073611111111117
144,2026-07-12,rmse,temperature,family_blend,1.4074005786871375
144,2026-07-12,bias,temperature,family_blend,-0.6351388888888885
144,2026-07-12,within_1f,temperature,family_blend,0.6597222222222222
144,2026-07-12,within_2f,temperature,family_blend,0.875
144,2026-07-13,mae,temperature,family_blend,1.0188888888888867
144,2026-07-13,rmse,temperature,family_blend,1.5378434575729727
144,2026-07-13,bias,temperature,family_blend,-0.14263888888888893
144,2026-07-13,within_1f,temperature,family_blend,0.5833333333333334
144,2026-07-13,within_2f,temperature,family_blend,0.8541666666666666
13,2026-07-01,log_loss,bracket,family_blend,0.7987433242729673
13,2026-07-01,brier,bracket,family_blend,0.47060325824510646
13,2026-07-01,rps,bracket,family_blend,0.08860655703465345
13,2026-07-01,top_one_accuracy,bracket,family_blend,0.9230769230769231
13,2026-07-01,winner_probability,bracket,family_blend,0.46565540451215753
127,2026-07-02,log_loss,bracket,family_blend,1.6123806129505591
127,2026-07-02,brier,bracket,family_blend,0.7003501277384911
127,2026-07-02,rps,bracket,family_blend,0.09237364812051438
127,2026-07-02,top_one_accuracy,bracket,family_blend,0.5590551181102362
127,2026-07-02,winner_probability,bracket,family_blend,0.4894550167357669
85,2026-07-04,log_loss,bracket,family_blend,0.800462571871482
85,2026-07-04,brier,bracket,family_blend,0.43741479264133665
85,2026-07-04,rps,bracket,family_blend,0.051692642530684674
85,2026-07-04,top_one_accuracy,bracket,family_blend,0.6823529411764706
85,2026-07-04,winner_probability,bracket,family_blend,0.5395031217099591
144,2026-07-05,log_loss,bracket,family_blend,1.1692788155762306
144,2026-07-05,brier,bracket,family_blend,0.5743440481816895
144,2026-07-05,rps,bracket,family_blend,0.29431083085964754
144,2026-07-05,top_one_accuracy,bracket,family_blend,0.5972222222222222
144,2026-07-05,winner_probability,bracket,family_blend,0.431397888800513
144,2026-07-06,log_loss,bracket,family_blend,0.9642392629531299
144,2026-07-06,brier,bracket,family_blend,0.5450252437880674
144,2026-07-06,rps,bracket,family_blend,0.5425134816324525
144,2026-07-06,top_one_accuracy,bracket,family_blend,0.5347222222222222
144,2026-07-06,winner_probability,bracket,family_blend,0.4434935214972246
144,2026-07-07,log_loss,bracket,family_blend,0.8735675930691189
144,2026-07-07,brier,bracket,family_blend,0.47460509266840895
144,2026-07-07,rps,bracket,family_blend,0.06797140528668928
144,2026-07-07,top_one_accuracy,bracket,family_blend,0.6388888888888888
144,2026-07-07,winner_probability,bracket,family_blend,0.4803438333696214
144,2026-07-08,log_loss,bracket,family_blend,1.4416925403460419
144,2026-07-08,brier,bracket,family_blend,0.7416279209871803
144,2026-07-08,rps,bracket,family_blend,0.1249468957424455
144,2026-07-08,top_one_accuracy,bracket,family_blend,0.3125
144,2026-07-08,winner_probability,bracket,family_blend,0.3183794586273166
144,2026-07-09,log_loss,bracket,family_blend,1.3598064148768967
144,2026-07-09,brier,bracket,family_blend,0.6980177763484139
144,2026-07-09,rps,bracket,family_blend,0.10291164171574275
144,2026-07-09,top_one_accuracy,bracket,family_blend,0.4583333333333333
144,2026-07-09,winner_probability,bracket,family_blend,0.32934422278195913
144,2026-07-10,log_loss,bracket,family_blend,1.0389941919424233
144,2026-07-10,brier,bracket,family_blend,0.5817486960968751
144,2026-07-10,rps,bracket,family_blend,0.07616231525031371
144,2026-07-10,top_one_accuracy,bracket,family_blend,0.5416666666666666
144,2026-07-10,winner_probability,bracket,family_blend,0.3812557181730664
144,2026-07-11,log_loss,bracket,family_blend,1.0282916061988998
144,2026-07-11,brier,bracket,family_blend,0.571808188268702
144,2026-07-11,rps,bracket,family_blend,0.06996429108632911
144,2026-07-11,top_one_accuracy,bracket,family_blend,0.6319444444444444
144,2026-07-11,winner_probability,bracket,family_blend,0.3838767074838571
144,2026-07-12,log_loss,bracket,family_blend,1.006072832285075
144,2026-07-12,brier,bracket,family_blend,0.511971573100537
144,2026-07-12,rps,bracket,family_blend,0.06814296497289657
144,2026-07-12,top_one_accuracy,bracket,family_blend,0.7083333333333334
144,2026-07-12,winner_probability,bracket,family_blend,0.4428603529699466
144,2026-07-13,log_loss,bracket,family_blend,1.0636315890611436
144,2026-07-13,brier,bracket,family_blend,0.6086882494311139
144,2026-07-13,rps,bracket,family_blend,0.0722127864702039
144,2026-07-13,top_one_accuracy,bracket,family_blend,0.5347222222222222
144,2026-07-13,winner_probability,bracket,family_blend,0.39006211084675524
13,2026-07-01,mae,temperature,raycaster,0.70461538461538
13,2026-07-01,rmse,temperature,raycaster,0.803913504723559
13,2026-07-01,bias,temperature,raycaster,0.21846153846153654
13,2026-07-01,within_1f,temperature,raycaster,0.9230769230769231
13,2026-07-01,within_2f,temperature,raycaster,1.0
144,2026-07-02,mae,temperature,raycaster,0.990833333333333
144,2026-07-02,rmse,temperature,raycaster,1.4727568442286112
144,2026-07-02,bias,temperature,raycaster,-0.7141388888888859
144,2026-07-02,within_1f,temperature,raycaster,0.6805555555555556
144,2026-07-02,within_2f,temperature,raycaster,0.8958333333333334
144,2026-07-03,mae,temperature,raycaster,0.9674088625617687
144,2026-07-03,rmse,temperature,raycaster,1.3859611980862516
144,2026-07-03,bias,temperature,raycaster,0.3856321489374647
144,2026-07-03,within_1f,temperature,raycaster,0.6458333333333334
144,2026-07-03,within_2f,temperature,raycaster,0.8611111111111112
144,2026-07-04,mae,temperature,raycaster,1.2651845493426461
144,2026-07-04,rmse,temperature,raycaster,1.712167079314061
144,2026-07-04,bias,temperature,raycaster,-0.1313518879211495
144,2026-07-04,within_1f,temperature,raycaster,0.6041666666666666
144,2026-07-04,within_2f,temperature,raycaster,0.7222222222222222
144,2026-07-05,mae,temperature,raycaster,1.602963537670548
144,2026-07-05,rmse,temperature,raycaster,2.172637942574386
144,2026-07-05,bias,temperature,raycaster,0.7242194642334355
144,2026-07-05,within_1f,temperature,raycaster,0.5138888888888888
144,2026-07-05,within_2f,temperature,raycaster,0.6666666666666666
144,2026-07-06,mae,temperature,raycaster,1.2780311474811716
144,2026-07-06,rmse,temperature,raycaster,1.9284694648246088
144,2026-07-06,bias,temperature,raycaster,0.12007046571499697
144,2026-07-06,within_1f,temperature,raycaster,0.4930555555555556
144,2026-07-06,within_2f,temperature,raycaster,0.8263888888888888
144,2026-07-07,mae,temperature,raycaster,0.9566677937851311
144,2026-07-07,rmse,temperature,raycaster,1.2300547581007788
144,2026-07-07,bias,temperature,raycaster,0.05661035666899069
144,2026-07-07,within_1f,temperature,raycaster,0.5972222222222222
144,2026-07-07,within_2f,temperature,raycaster,0.875
144,2026-07-08,mae,temperature,raycaster,1.4685415356047136
144,2026-07-08,rmse,temperature,raycaster,1.77160411786081
144,2026-07-08,bias,temperature,raycaster,-0.4789877678277169
144,2026-07-08,within_1f,temperature,raycaster,0.375
144,2026-07-08,within_2f,temperature,raycaster,0.6597222222222222
144,2026-07-09,mae,temperature,raycaster,1.0889188836604573
144,2026-07-09,rmse,temperature,raycaster,1.5462044991520205
144,2026-07-09,bias,temperature,raycaster,0.8259198959935458
144,2026-07-09,within_1f,temperature,raycaster,0.6111111111111112
144,2026-07-09,within_2f,temperature,raycaster,0.8125
144,2026-07-10,mae,temperature,raycaster,1.3396229350529891
144,2026-07-10,rmse,temperature,raycaster,1.6822908811479937
144,2026-07-10,bias,temperature,raycaster,0.7507175320867682
144,2026-07-10,within_1f,temperature,raycaster,0.4444444444444444
144,2026-07-10,within_2f,temperature,raycaster,0.7291666666666666
144,2026-07-11,mae,temperature,raycaster,1.0690425748404353
144,2026-07-11,rmse,temperature,raycaster,1.3221369691977876
144,2026-07-11,bias,temperature,raycaster,0.13926225591184652
144,2026-07-11,within_1f,temperature,raycaster,0.5972222222222222
144,2026-07-11,within_2f,temperature,raycaster,0.8680555555555556
144,2026-07-12,mae,temperature,raycaster,0.9193916482001908
144,2026-07-12,rmse,temperature,raycaster,1.2518130406335004
144,2026-07-12,bias,temperature,raycaster,-0.5001057533146683
144,2026-07-12,within_1f,temperature,raycaster,0.6388888888888888
144,2026-07-12,within_2f,temperature,raycaster,0.8819444444444444
144,2026-07-13,mae,temperature,raycaster,0.923337288880171
144,2026-07-13,rmse,temperature,raycaster,1.2183407779722686
144,2026-07-13,bias,temperature,raycaster,0.1409710169508743
144,2026-07-13,within_1f,temperature,raycaster,0.625
144,2026-07-13,within_2f,temperature,raycaster,0.8888888888888888
13,2026-07-01,log_loss,bracket,raycaster,0.7687692741165354
13,2026-07-01,brier,bracket,raycaster,0.4450339371380829
13,2026-07-01,rps,bracket,raycaster,0.08092322428305972
13,2026-07-01,top_one_accuracy,bracket,raycaster,0.9230769230769231
13,2026-07-01,winner_probability,bracket,raycaster,0.4786564518629201
127,2026-07-02,log_loss,bracket,raycaster,1.2597527015942644
127,2026-07-02,brier,bracket,raycaster,0.6508950007406151
127,2026-07-02,rps,bracket,raycaster,0.08560955329693519
127,2026-07-02,top_one_accuracy,bracket,raycaster,0.5669291338582677
127,2026-07-02,winner_probability,bracket,raycaster,0.31760722324652396
85,2026-07-04,log_loss,bracket,raycaster,0.8431588583590356
85,2026-07-04,brier,bracket,raycaster,0.4536050035921945
85,2026-07-04,rps,bracket,raycaster,0.05220112658374886
85,2026-07-04,top_one_accuracy,bracket,raycaster,0.6470588235294118
85,2026-07-04,winner_probability,bracket,raycaster,0.49196093677853203
144,2026-07-05,log_loss,bracket,raycaster,1.0620714526698747
144,2026-07-05,brier,bracket,raycaster,0.5559188854302217
144,2026-07-05,rps,bracket,raycaster,0.2462903022113856
144,2026-07-05,top_one_accuracy,bracket,raycaster,0.6041666666666666
144,2026-07-05,winner_probability,bracket,raycaster,0.40432329153092306
144,2026-07-06,log_loss,bracket,raycaster,0.9066386941862732
144,2026-07-06,brier,bracket,raycaster,0.4969756673605187
144,2026-07-06,rps,bracket,raycaster,0.4476377691676065
144,2026-07-06,top_one_accuracy,bracket,raycaster,0.7083333333333334
144,2026-07-06,winner_probability,bracket,raycaster,0.44664538201602055
144,2026-07-07,log_loss,bracket,raycaster,0.9036193035967252
144,2026-07-07,brier,bracket,raycaster,0.4978571401820232
144,2026-07-07,rps,bracket,raycaster,0.06489401201209767
144,2026-07-07,top_one_accuracy,bracket,raycaster,0.6597222222222222
144,2026-07-07,winner_probability,bracket,raycaster,0.4731645865673785
144,2026-07-08,log_loss,bracket,raycaster,1.2271632687847573
144,2026-07-08,brier,bracket,raycaster,0.6554848690341656
144,2026-07-08,rps,bracket,raycaster,0.10860712744227437
144,2026-07-08,top_one_accuracy,bracket,raycaster,0.3888888888888889
144,2026-07-08,winner_probability,bracket,raycaster,0.34775926075902425
144,2026-07-09,log_loss,bracket,raycaster,1.1798323574835763
144,2026-07-09,brier,bracket,raycaster,0.6102727571268913
144,2026-07-09,rps,bracket,raycaster,0.09200915848120922
144,2026-07-09,top_one_accuracy,bracket,raycaster,0.5486111111111112
144,2026-07-09,winner_probability,bracket,raycaster,0.36321233572460415
144,2026-07-10,log_loss,bracket,raycaster,1.1425851612974036
144,2026-07-10,brier,bracket,raycaster,0.6246671640947947
144,2026-07-10,rps,bracket,raycaster,0.08580401211891783
144,2026-07-10,top_one_accuracy,bracket,raycaster,0.4861111111111111
144,2026-07-10,winner_probability,bracket,raycaster,0.3515022633610476
144,2026-07-11,log_loss,bracket,raycaster,1.142683111462699
144,2026-07-11,brier,bracket,raycaster,0.621941875444344
144,2026-07-11,rps,bracket,raycaster,0.07959511919241143
144,2026-07-11,top_one_accuracy,bracket,raycaster,0.5416666666666666
144,2026-07-11,winner_probability,bracket,raycaster,0.3420666931861508
144,2026-07-12,log_loss,bracket,raycaster,1.0929358806339706
144,2026-07-12,brier,bracket,raycaster,0.5859751876369218
144,2026-07-12,rps,bracket,raycaster,0.07702480869428227
144,2026-07-12,top_one_accuracy,bracket,raycaster,0.5347222222222222
144,2026-07-12,winner_probability,bracket,raycaster,0.3841518027437818
144,2026-07-13,log_loss,bracket,raycaster,1.0728753427132542
144,2026-07-13,brier,bracket,raycaster,0.6164030252062872
144,2026-07-13,rps,bracket,raycaster,0.06097197486939699
144,2026-07-13,top_one_accuracy,bracket,raycaster,0.6041666666666666
144,2026-07-13,winner_probability,bracket,raycaster,0.35340723533135576
13,2026-07-01,mae,temperature,raycaster_family_v2,0.70461538461538
13,2026-07-01,rmse,temperature,raycaster_family_v2,0.803913504723559
13,2026-07-01,bias,temperature,raycaster_family_v2,0.21846153846153654
13,2026-07-01,within_1f,temperature,raycaster_family_v2,0.9230769230769231
13,2026-07-01,within_2f,temperature,raycaster_family_v2,1.0
144,2026-07-02,mae,temperature,raycaster_family_v2,1.0933472222222211
144,2026-07-02,rmse,temperature,raycaster_family_v2,1.549511885508893
144,2026-07-02,bias,temperature,raycaster_family_v2,-0.902847222222219
144,2026-07-02,within_1f,temperature,raycaster_family_v2,0.6111111111111112
144,2026-07-02,within_2f,temperature,raycaster_family_v2,0.7916666666666666
144,2026-07-03,mae,temperature,raycaster_family_v2,1.1851947141691415
144,2026-07-03,rmse,temperature,raycaster_family_v2,1.5361077830269247
144,2026-07-03,bias,temperature,raycaster_family_v2,0.4273551277665878
144,2026-07-03,within_1f,temperature,raycaster_family_v2,0.5694444444444444
144,2026-07-03,within_2f,temperature,raycaster_family_v2,0.7847222222222222
144,2026-07-04,mae,temperature,raycaster_family_v2,1.2123659773848299
144,2026-07-04,rmse,temperature,raycaster_family_v2,1.5244983210353635
144,2026-07-04,bias,temperature,raycaster_family_v2,-0.3963994048274347
144,2026-07-04,within_1f,temperature,raycaster_family_v2,0.4513888888888889
144,2026-07-04,within_2f,temperature,raycaster_family_v2,0.7708333333333334
144,2026-07-05,mae,temperature,raycaster_family_v2,1.6255133810059037
144,2026-07-05,rmse,temperature,raycaster_family_v2,2.128573273866259
144,2026-07-05,bias,temperature,raycaster_family_v2,0.5208256574944968
144,2026-07-05,within_1f,temperature,raycaster_family_v2,0.4097222222222222
144,2026-07-05,within_2f,temperature,raycaster_family_v2,0.6319444444444444
144,2026-07-06,mae,temperature,raycaster_family_v2,1.3969170191401963
144,2026-07-06,rmse,temperature,raycaster_family_v2,1.966787641239347
144,2026-07-06,bias,temperature,raycaster_family_v2,0.09547711045742505
144,2026-07-06,within_1f,temperature,raycaster_family_v2,0.3819444444444444
144,2026-07-06,within_2f,temperature,raycaster_family_v2,0.8611111111111112
144,2026-07-07,mae,temperature,raycaster_family_v2,1.0208214036497156
144,2026-07-07,rmse,temperature,raycaster_family_v2,1.2339049141492464
144,2026-07-07,bias,temperature,raycaster_family_v2,0.003825185852896398
144,2026-07-07,within_1f,temperature,raycaster_family_v2,0.4375
144,2026-07-07,within_2f,temperature,raycaster_family_v2,0.9375
144,2026-07-08,mae,temperature,raycaster_family_v2,1.5420672497133312
144,2026-07-08,rmse,temperature,raycaster_family_v2,1.904697315316829
144,2026-07-08,bias,temperature,raycaster_family_v2,-0.44094071376357324
144,2026-07-08,within_1f,temperature,raycaster_family_v2,0.3819444444444444
144,2026-07-08,within_2f,temperature,raycaster_family_v2,0.7777777777777778
144,2026-07-09,mae,temperature,raycaster_family_v2,1.0792338780423743
144,2026-07-09,rmse,temperature,raycaster_family_v2,1.4152957451684738
144,2026-07-09,bias,temperature,raycaster_family_v2,0.7055849199650673
144,2026-07-09,within_1f,temperature,raycaster_family_v2,0.5833333333333334
144,2026-07-09,within_2f,temperature,raycaster_family_v2,0.8263888888888888
144,2026-07-10,mae,temperature,raycaster_family_v2,1.359029164167465
144,2026-07-10,rmse,temperature,raycaster_family_v2,1.6555720249688402
144,2026-07-10,bias,temperature,raycaster_family_v2,0.6743855307572478
144,2026-07-10,within_1f,temperature,raycaster_family_v2,0.4305555555555556
144,2026-07-10,within_2f,temperature,raycaster_family_v2,0.7430555555555556
144,2026-07-11,mae,temperature,raycaster_family_v2,1.18755390159942
144,2026-07-11,rmse,temperature,raycaster_family_v2,1.3866558076467086
144,2026-07-11,bias,temperature,raycaster_family_v2,0.16359568035451252
144,2026-07-11,within_1f,temperature,raycaster_family_v2,0.4513888888888889
144,2026-07-11,within_2f,temperature,raycaster_family_v2,0.875
144,2026-07-12,mae,temperature,raycaster_family_v2,0.9406827066263577
144,2026-07-12,rmse,temperature,raycaster_family_v2,1.3170273836971846
144,2026-07-12,bias,temperature,raycaster_family_v2,-0.6062875911989285
144,2026-07-12,within_1f,temperature,raycaster_family_v2,0.6388888888888888
144,2026-07-12,within_2f,temperature,raycaster_family_v2,0.8611111111111112
144,2026-07-13,mae,temperature,raycaster_family_v2,0.8857979434271811
144,2026-07-13,rmse,temperature,raycaster_family_v2,1.0926881080788895
144,2026-07-13,bias,temperature,raycaster_family_v2,-0.0807274360156648
144,2026-07-13,within_1f,temperature,raycaster_family_v2,0.6875
144,2026-07-13,within_2f,temperature,raycaster_family_v2,0.8958333333333334
13,2026-07-01,log_loss,bracket,raycaster_family_v2,0.7687692741165354
13,2026-07-01,brier,bracket,raycaster_family_v2,0.4450339371380829
13,2026-07-01,rps,bracket,raycaster_family_v2,0.08092322428305972
13,2026-07-01,top_one_accuracy,bracket,raycaster_family_v2,0.9230769230769231
13,2026-07-01,winner_probability,bracket,raycaster_family_v2,0.4786564518629201
127,2026-07-02,log_loss,bracket,raycaster_family_v2,1.2733657870616892
127,2026-07-02,brier,bracket,raycaster_family_v2,0.6782994305579898
127,2026-07-02,rps,bracket,raycaster_family_v2,0.08822066355143267
127,2026-07-02,top_one_accuracy,bracket,raycaster_family_v2,0.4251968503937008
127,2026-07-02,winner_probability,bracket,raycaster_family_v2,0.30555706967550705
85,2026-07-04,log_loss,bracket,raycaster_family_v2,0.8500306012977914
85,2026-07-04,brier,bracket,raycaster_family_v2,0.45306189152372955
85,2026-07-04,rps,bracket,raycaster_family_v2,0.05298302583725886
85,2026-07-04,top_one_accuracy,bracket,raycaster_family_v2,0.7294117647058823
85,2026-07-04,winner_probability,bracket,raycaster_family_v2,0.4934328621657257
144,2026-07-05,log_loss,bracket,raycaster_family_v2,1.0699130552370923
144,2026-07-05,brier,bracket,raycaster_family_v2,0.5574031168149642
144,2026-07-05,rps,bracket,raycaster_family_v2,0.2622261636929462
144,2026-07-05,top_one_accuracy,bracket,raycaster_family_v2,0.6666666666666666
144,2026-07-05,winner_probability,bracket,raycaster_family_v2,0.4052236902632372
144,2026-07-06,log_loss,bracket,raycaster_family_v2,0.9271425670672855
144,2026-07-06,brier,bracket,raycaster_family_v2,0.5186538397311704
144,2026-07-06,rps,bracket,raycaster_family_v2,0.453974251883863
144,2026-07-06,top_one_accuracy,bracket,raycaster_family_v2,0.5972222222222222
144,2026-07-06,winner_probability,bracket,raycaster_family_v2,0.43484417433849926
144,2026-07-07,log_loss,bracket,raycaster_family_v2,0.9179761371144776
144,2026-07-07,brier,bracket,raycaster_family_v2,0.5047342100195912
144,2026-07-07,rps,bracket,raycaster_family_v2,0.06574792769752813
144,2026-07-07,top_one_accuracy,bracket,raycaster_family_v2,0.6319444444444444
144,2026-07-07,winner_probability,bracket,raycaster_family_v2,0.45732738158830694
144,2026-07-08,log_loss,bracket,raycaster_family_v2,1.3148096873422157
144,2026-07-08,brier,bracket,raycaster_family_v2,0.6892289235777697
144,2026-07-08,rps,bracket,raycaster_family_v2,0.11937243521718278
144,2026-07-08,top_one_accuracy,bracket,raycaster_family_v2,0.2847222222222222
144,2026-07-08,winner_probability,bracket,raycaster_family_v2,0.32637843097464436
144,2026-07-09,log_loss,bracket,raycaster_family_v2,1.0950678369904805
144,2026-07-09,brier,bracket,raycaster_family_v2,0.5798548006505166
144,2026-07-09,rps,bracket,raycaster_family_v2,0.08249902883050185
144,2026-07-09,top_one_accuracy,bracket,raycaster_family_v2,0.6041666666666666
144,2026-07-09,winner_probability,bracket,raycaster_family_v2,0.376866846880581
144,2026-07-10,log_loss,bracket,raycaster_family_v2,1.132660402485837
144,2026-07-10,brier,bracket,raycaster_family_v2,0.6275565205270177
144,2026-07-10,rps,bracket,raycaster_family_v2,0.08482453848846899
144,2026-07-10,top_one_accuracy,bracket,raycaster_family_v2,0.4166666666666667
144,2026-07-10,winner_probability,bracket,raycaster_family_v2,0.3498714686816226
144,2026-07-11,log_loss,bracket,raycaster_family_v2,1.1839165684449502
144,2026-07-11,brier,bracket,raycaster_family_v2,0.643250882203452
144,2026-07-11,rps,bracket,raycaster_family_v2,0.08526658488128612
144,2026-07-11,top_one_accuracy,bracket,raycaster_family_v2,0.4583333333333333
144,2026-07-11,winner_probability,bracket,raycaster_family_v2,0.32997936206052914
144,2026-07-12,log_loss,bracket,raycaster_family_v2,1.0805116271294808
144,2026-07-12,brier,bracket,raycaster_family_v2,0.5709019377878811
144,2026-07-12,rps,bracket,raycaster_family_v2,0.07525443217661516
144,2026-07-12,top_one_accuracy,bracket,raycaster_family_v2,0.6319444444444444
144,2026-07-12,winner_probability,bracket,raycaster_family_v2,0.3911622679079996
144,2026-07-13,log_loss,bracket,raycaster_family_v2,1.0764126782144041
144,2026-07-13,brier,bracket,raycaster_family_v2,0.6048432662494676
144,2026-07-13,rps,bracket,raycaster_family_v2,0.06389383303000662
144,2026-07-13,top_one_accuracy,bracket,raycaster_family_v2,0.4305555555555556
144,2026-07-13,winner_probability,bracket,raycaster_family_v2,0.34957965364572097
13,2026-07-01,mae,temperature,raycaster_source_blend_hybrid,0.70461538461538
13,2026-07-01,rmse,temperature,raycaster_source_blend_hybrid,0.803913504723559
13,2026-07-01,bias,temperature,raycaster_source_blend_hybrid,0.21846153846153654
13,2026-07-01,within_1f,temperature,raycaster_source_blend_hybrid,0.9230769230769231
13,2026-07-01,within_2f,temperature,raycaster_source_blend_hybrid,1.0
144,2026-07-02,mae,temperature,raycaster_source_blend_hybrid,0.990833333333333
144,2026-07-02,rmse,temperature,raycaster_source_blend_hybrid,1.4727568442286112
144,2026-07-02,bias,temperature,raycaster_source_blend_hybrid,-0.7141388888888859
144,2026-07-02,within_1f,temperature,raycaster_source_blend_hybrid,0.6805555555555556
144,2026-07-02,within_2f,temperature,raycaster_source_blend_hybrid,0.8958333333333334
144,2026-07-03,mae,temperature,raycaster_source_blend_hybrid,0.9674088625617687
144,2026-07-03,rmse,temperature,raycaster_source_blend_hybrid,1.3859611980862516
144,2026-07-03,bias,temperature,raycaster_source_blend_hybrid,0.3856321489374647
144,2026-07-03,within_1f,temperature,raycaster_source_blend_hybrid,0.6458333333333334
144,2026-07-03,within_2f,temperature,raycaster_source_blend_hybrid,0.8611111111111112
144,2026-07-04,mae,temperature,raycaster_source_blend_hybrid,1.2651845493426461
144,2026-07-04,rmse,temperature,raycaster_source_blend_hybrid,1.712167079314061
144,2026-07-04,bias,temperature,raycaster_source_blend_hybrid,-0.1313518879211495
144,2026-07-04,within_1f,temperature,raycaster_source_blend_hybrid,0.6041666666666666
144,2026-07-04,within_2f,temperature,raycaster_source_blend_hybrid,0.7222222222222222
144,2026-07-05,mae,temperature,raycaster_source_blend_hybrid,1.602963537670548
144,2026-07-05,rmse,temperature,raycaster_source_blend_hybrid,2.172637942574386
144,2026-07-05,bias,temperature,raycaster_source_blend_hybrid,0.7242194642334355
144,2026-07-05,within_1f,temperature,raycaster_source_blend_hybrid,0.5138888888888888
144,2026-07-05,within_2f,temperature,raycaster_source_blend_hybrid,0.6666666666666666
144,2026-07-06,mae,temperature,raycaster_source_blend_hybrid,1.2780311474811716
144,2026-07-06,rmse,temperature,raycaster_source_blend_hybrid,1.9284694648246088
144,2026-07-06,bias,temperature,raycaster_source_blend_hybrid,0.12007046571499697
144,2026-07-06,within_1f,temperature,raycaster_source_blend_hybrid,0.4930555555555556
144,2026-07-06,within_2f,temperature,raycaster_source_blend_hybrid,0.8263888888888888
144,2026-07-07,mae,temperature,raycaster_source_blend_hybrid,0.9566677937851311
144,2026-07-07,rmse,temperature,raycaster_source_blend_hybrid,1.2300547581007788
144,2026-07-07,bias,temperature,raycaster_source_blend_hybrid,0.05661035666899069
144,2026-07-07,within_1f,temperature,raycaster_source_blend_hybrid,0.5972222222222222
144,2026-07-07,within_2f,temperature,raycaster_source_blend_hybrid,0.875
144,2026-07-08,mae,temperature,raycaster_source_blend_hybrid,1.4685415356047136
144,2026-07-08,rmse,temperature,raycaster_source_blend_hybrid,1.77160411786081
144,2026-07-08,bias,temperature,raycaster_source_blend_hybrid,-0.4789877678277169
144,2026-07-08,within_1f,temperature,raycaster_source_blend_hybrid,0.375
144,2026-07-08,within_2f,temperature,raycaster_source_blend_hybrid,0.6597222222222222
144,2026-07-09,mae,temperature,raycaster_source_blend_hybrid,1.0889188836604573
144,2026-07-09,rmse,temperature,raycaster_source_blend_hybrid,1.5462044991520205
144,2026-07-09,bias,temperature,raycaster_source_blend_hybrid,0.8259198959935458
144,2026-07-09,within_1f,temperature,raycaster_source_blend_hybrid,0.6111111111111112
144,2026-07-09,within_2f,temperature,raycaster_source_blend_hybrid,0.8125
144,2026-07-10,mae,temperature,raycaster_source_blend_hybrid,1.3396229350529891
144,2026-07-10,rmse,temperature,raycaster_source_blend_hybrid,1.6822908811479937
144,2026-07-10,bias,temperature,raycaster_source_blend_hybrid,0.7507175320867682
144,2026-07-10,within_1f,temperature,raycaster_source_blend_hybrid,0.4444444444444444
144,2026-07-10,within_2f,temperature,raycaster_source_blend_hybrid,0.7291666666666666
144,2026-07-11,mae,temperature,raycaster_source_blend_hybrid,1.0690425748404353
144,2026-07-11,rmse,temperature,raycaster_source_blend_hybrid,1.3221369691977876
144,2026-07-11,bias,temperature,raycaster_source_blend_hybrid,0.13926225591184652
144,2026-07-11,within_1f,temperature,raycaster_source_blend_hybrid,0.5972222222222222
144,2026-07-11,within_2f,temperature,raycaster_source_blend_hybrid,0.8680555555555556
144,2026-07-12,mae,temperature,raycaster_source_blend_hybrid,0.9193916482001908
144,2026-07-12,rmse,temperature,raycaster_source_blend_hybrid,1.2518130406335004
144,2026-07-12,bias,temperature,raycaster_source_blend_hybrid,-0.5001057533146683
144,2026-07-12,within_1f,temperature,raycaster_source_blend_hybrid,0.6388888888888888
144,2026-07-12,within_2f,temperature,raycaster_source_blend_hybrid,0.8819444444444444
144,2026-07-13,mae,temperature,raycaster_source_blend_hybrid,0.923337288880171
144,2026-07-13,rmse,temperature,raycaster_source_blend_hybrid,1.2183407779722686
144,2026-07-13,bias,temperature,raycaster_source_blend_hybrid,0.1409710169508743
144,2026-07-13,within_1f,temperature,raycaster_source_blend_hybrid,0.625
144,2026-07-13,within_2f,temperature,raycaster_source_blend_hybrid,0.8888888888888888
13,2026-07-01,log_loss,bracket,raycaster_source_blend_hybrid,0.7987433242729673
13,2026-07-01,brier,bracket,raycaster_source_blend_hybrid,0.47060325824510646
13,2026-07-01,rps,bracket,raycaster_source_blend_hybrid,0.08860655703465345
13,2026-07-01,top_one_accuracy,bracket,raycaster_source_blend_hybrid,0.9230769230769231
13,2026-07-01,winner_probability,bracket,raycaster_source_blend_hybrid,0.46565540451215753
127,2026-07-02,log_loss,bracket,raycaster_source_blend_hybrid,1.2284925513669036
127,2026-07-02,brier,bracket,raycaster_source_blend_hybrid,0.5100832098669357
127,2026-07-02,rps,bracket,raycaster_source_blend_hybrid,0.07456833124089249
127,2026-07-02,top_one_accuracy,bracket,raycaster_source_blend_hybrid,0.6299212598425197
127,2026-07-02,winner_probability,bracket,raycaster_source_blend_hybrid,0.5570117455407599
85,2026-07-04,log_loss,bracket,raycaster_source_blend_hybrid,0.6886841688556704
85,2026-07-04,brier,bracket,raycaster_source_blend_hybrid,0.3730120513377515
85,2026-07-04,rps,bracket,raycaster_source_blend_hybrid,0.045591569103984014
85,2026-07-04,top_one_accuracy,bracket,raycaster_source_blend_hybrid,0.7411764705882353
85,2026-07-04,winner_probability,bracket,raycaster_source_blend_hybrid,0.6060968521712765
144,2026-07-05,log_loss,bracket,raycaster_source_blend_hybrid,1.1665583342059314
144,2026-07-05,brier,bracket,raycaster_source_blend_hybrid,0.6288962408632331
144,2026-07-05,rps,bracket,raycaster_source_blend_hybrid,0.2979850677658238
144,2026-07-05,top_one_accuracy,bracket,raycaster_source_blend_hybrid,0.5347222222222222
144,2026-07-05,winner_probability,bracket,raycaster_source_blend_hybrid,0.42382279159536346
144,2026-07-06,log_loss,bracket,raycaster_source_blend_hybrid,0.9193854017375969
144,2026-07-06,brier,bracket,raycaster_source_blend_hybrid,0.4973431018622989
144,2026-07-06,rps,bracket,raycaster_source_blend_hybrid,0.5345873062668932
144,2026-07-06,top_one_accuracy,bracket,raycaster_source_blend_hybrid,0.6875
144,2026-07-06,winner_probability,bracket,raycaster_source_blend_hybrid,0.4895315657694123
144,2026-07-07,log_loss,bracket,raycaster_source_blend_hybrid,0.9679903502964443
144,2026-07-07,brier,bracket,raycaster_source_blend_hybrid,0.5212820242108733
144,2026-07-07,rps,bracket,raycaster_source_blend_hybrid,0.07057617169626236
144,2026-07-07,top_one_accuracy,bracket,raycaster_source_blend_hybrid,0.5625
144,2026-07-07,winner_probability,bracket,raycaster_source_blend_hybrid,0.4891244147763595
144,2026-07-08,log_loss,bracket,raycaster_source_blend_hybrid,1.3422434189211265
144,2026-07-08,brier,bracket,raycaster_source_blend_hybrid,0.7118367397267596
144,2026-07-08,rps,bracket,raycaster_source_blend_hybrid,0.11402698757204018
144,2026-07-08,top_one_accuracy,bracket,raycaster_source_blend_hybrid,0.3958333333333333
144,2026-07-08,winner_probability,bracket,raycaster_source_blend_hybrid,0.3512652062292337
144,2026-07-09,log_loss,bracket,raycaster_source_blend_hybrid,1.232948092328042
144,2026-07-09,brier,bracket,raycaster_source_blend_hybrid,0.642744399037001
144,2026-07-09,rps,bracket,raycaster_source_blend_hybrid,0.09888350165976172
144,2026-07-09,top_one_accuracy,bracket,raycaster_source_blend_hybrid,0.4791666666666667
144,2026-07-09,winner_probability,bracket,raycaster_source_blend_hybrid,0.3701576222580478
144,2026-07-10,log_loss,bracket,raycaster_source_blend_hybrid,1.1050575517365204
144,2026-07-10,brier,bracket,raycaster_source_blend_hybrid,0.6017527035824546
144,2026-07-10,rps,bracket,raycaster_source_blend_hybrid,0.08262034812915527
144,2026-07-10,top_one_accuracy,bracket,raycaster_source_blend_hybrid,0.5069444444444444
144,2026-07-10,winner_probability,bracket,raycaster_source_blend_hybrid,0.39357853487088823
144,2026-07-11,log_loss,bracket,raycaster_source_blend_hybrid,0.8655891613013246
144,2026-07-11,brier,bracket,raycaster_source_blend_hybrid,0.470120892948735
144,2026-07-11,rps,bracket,raycaster_source_blend_hybrid,0.05033796672957293
144,2026-07-11,top_one_accuracy,bracket,raycaster_source_blend_hybrid,0.7291666666666666
144,2026-07-11,winner_probability,bracket,raycaster_source_blend_hybrid,0.45069837209860164
144,2026-07-12,log_loss,bracket,raycaster_source_blend_hybrid,1.0062435140763069
144,2026-07-12,brier,bracket,raycaster_source_blend_hybrid,0.5324097033704265
144,2026-07-12,rps,bracket,raycaster_source_blend_hybrid,0.0716372065391398
144,2026-07-12,top_one_accuracy,bracket,raycaster_source_blend_hybrid,0.5625
144,2026-07-12,winner_probability,bracket,raycaster_source_blend_hybrid,0.454947826674876
144,2026-07-13,log_loss,bracket,raycaster_source_blend_hybrid,0.9633163779900451
144,2026-07-13,brier,bracket,raycaster_source_blend_hybrid,0.5628541244981797
144,2026-07-13,rps,bracket,raycaster_source_blend_hybrid,0.0572514697587134
144,2026-07-13,top_one_accuracy,bracket,raycaster_source_blend_hybrid,0.6458333333333334
144,2026-07-13,winner_probability,bracket,raycaster_source_blend_hybrid,0.4318791772619536
