absolute_error_f,actual_high_f,brier,checkpoint,city,error_f,event_ticker,log_loss,metric_type,predicted_high_f,rps,snapshot_hour_utc,top_one_accuracy,top_ticker,winner_probability,winner_ticker,within_1f,within_2f,within_one_bracket
0.7999999999999972,96.0,,t_plus_22h,aus,0.7999999999999972,KXHIGHAUS-26JUL01,,temperature,96.8,,2026-07-02T04:00:00+00:00,,,,,1.0,1.0,
0.7999999999999972,96.0,,t_plus_23h,aus,0.7999999999999972,KXHIGHAUS-26JUL01,,temperature,96.8,,2026-07-02T05:00:00+00:00,,,,,1.0,1.0,
0.5999999999999943,89.0,,t_plus_21h,den,0.5999999999999943,KXHIGHDEN-26JUL01,,temperature,89.6,,2026-07-02T04:00:00+00:00,,,,,1.0,1.0,
0.5999999999999943,89.0,,t_plus_22h,den,0.5999999999999943,KXHIGHDEN-26JUL01,,temperature,89.6,,2026-07-02T05:00:00+00:00,,,,,1.0,1.0,
0.5999999999999943,89.0,,t_plus_23h,den,0.5999999999999943,KXHIGHDEN-26JUL01,,temperature,89.6,,2026-07-02T06:00:00+00:00,,,,,1.0,1.0,
0.5999999999999943,71.0,,t_plus_20h,la,0.5999999999999943,KXHIGHLAX-26JUL01,,temperature,71.6,,2026-07-02T04:00:00+00:00,,,,,1.0,1.0,
0.5999999999999943,71.0,,t_plus_21h,la,0.5999999999999943,KXHIGHLAX-26JUL01,,temperature,71.6,,2026-07-02T05:00:00+00:00,,,,,1.0,1.0,
0.5999999999999943,71.0,,t_plus_22h,la,0.5999999999999943,KXHIGHLAX-26JUL01,,temperature,71.6,,2026-07-02T06:00:00+00:00,,,,,1.0,1.0,
0.5999999999999943,71.0,,t_plus_23h,la,0.5999999999999943,KXHIGHLAX-26JUL01,,temperature,71.6,,2026-07-02T07:00:00+00:00,,,,,1.0,1.0,
0.20000000000000284,93.0,,t_plus_23h,mia,0.20000000000000284,KXHIGHMIA-26JUL01,,temperature,93.2,,2026-07-02T04:00:00+00:00,,,,,1.0,1.0,
1.9599999999999937,93.0,,t_plus_23h,nyc,-1.9599999999999937,KXHIGHNY-26JUL01,,temperature,91.04,,2026-07-02T04:00:00+00:00,,,,,0.0,1.0,
0.5999999999999943,92.0,,t_plus_22h,okc,-0.5999999999999943,KXHIGHTOKC-26JUL01,,temperature,91.4,,2026-07-02T04:00:00+00:00,,,,,1.0,1.0,
0.5999999999999943,92.0,,t_plus_23h,okc,-0.5999999999999943,KXHIGHTOKC-26JUL01,,temperature,91.4,,2026-07-02T05:00:00+00:00,,,,,1.0,1.0,
,,0.5469613233712571,t_plus_22h,aus,,KXHIGHAUS-26JUL01,1.0005268327737975,bracket,,0.13217785521685593,2026-07-02T04:00:00+00:00,1.0,KXHIGHAUS-26JUL01-B95.5,0.36768568126904183,KXHIGHAUS-26JUL01-B95.5,,,1.0
,,0.5469613233712571,t_plus_23h,aus,,KXHIGHAUS-26JUL01,1.0005268327737975,bracket,,0.13217785521685593,2026-07-02T05:00:00+00:00,1.0,KXHIGHAUS-26JUL01-B95.5,0.36768568126904183,KXHIGHAUS-26JUL01-B95.5,,,1.0
,,0.43417594413434113,t_plus_21h,den,,KXHIGHDEN-26JUL01,0.8261734456290178,bracket,,0.11134382961730498,2026-07-02T04:00:00+00:00,1.0,KXHIGHDEN-26JUL01-B88.5,0.4377210491298126,KXHIGHDEN-26JUL01-B88.5,,,1.0
,,0.4543511779966276,t_plus_22h,den,,KXHIGHDEN-26JUL01,0.8261734456290178,bracket,,0.12271977173850065,2026-07-02T05:00:00+00:00,1.0,KXHIGHDEN-26JUL01-B88.5,0.4377210491298126,KXHIGHDEN-26JUL01-B88.5,,,1.0
,,0.472313264070435,t_plus_23h,den,,KXHIGHDEN-26JUL01,0.8261734456290178,bracket,,0.13088201769667976,2026-07-02T06:00:00+00:00,1.0,KXHIGHDEN-26JUL01-B88.5,0.4377210491298126,KXHIGHDEN-26JUL01-B88.5,,,1.0
,,0.38142630608884226,t_plus_20h,la,,KXHIGHLAX-26JUL01,0.5774861951714076,bracket,,0.03780021766525983,2026-07-02T04:00:00+00:00,1.0,KXHIGHLAX-26JUL01-B71.5,0.5613076123250823,KXHIGHLAX-26JUL01-B71.5,,,1.0
,,0.38142630608884226,t_plus_21h,la,,KXHIGHLAX-26JUL01,0.5774861951714076,bracket,,0.03780021766525983,2026-07-02T05:00:00+00:00,1.0,KXHIGHLAX-26JUL01-B71.5,0.5613076123250823,KXHIGHLAX-26JUL01-B71.5,,,1.0
,,0.411389774625494,t_plus_22h,la,,KXHIGHLAX-26JUL01,0.60792673521052,bracket,,0.040783154905824646,2026-07-02T06:00:00+00:00,1.0,KXHIGHLAX-26JUL01-B71.5,0.5444785478841332,KXHIGHLAX-26JUL01-B71.5,,,1.0
,,0.411389774625494,t_plus_23h,la,,KXHIGHLAX-26JUL01,0.60792673521052,bracket,,0.040783154905824646,2026-07-02T07:00:00+00:00,1.0,KXHIGHLAX-26JUL01-B71.5,0.5444785478841332,KXHIGHLAX-26JUL01-B71.5,,,1.0
,,0.41996744549090037,t_plus_23h,mia,,KXHIGHMIA-26JUL01,0.7113233680663258,bracket,,0.0802712823291103,2026-07-02T04:00:00+00:00,1.0,KXHIGHMIA-26JUL01-B92.5,0.490994001549195,KXHIGHMIA-26JUL01-B92.5,,,1.0
,,0.8964913265592126,t_plus_23h,nyc,,KXHIGHNY-26JUL01,1.4532517665318767,bracket,,0.07062184139335712,2026-07-02T04:00:00+00:00,0.0,KXHIGHNY-26JUL01-T92,0.23380875910986598,KXHIGHNY-26JUL01-B92.5,,,1.0
,,0.1422000847023861,t_plus_22h,okc,,KXHIGHTOKC-26JUL01,0.4123036865258296,bracket,,0.03703812314696547,2026-07-02T04:00:00+00:00,1.0,KXHIGHTOKC-26JUL01-T94,0.6621231676322596,KXHIGHTOKC-26JUL01-T94,,,1.0
,,0.15655800665578157,t_plus_23h,okc,,KXHIGHTOKC-26JUL01,0.44083322879590364,bracket,,0.04349499074745851,2026-07-02T05:00:00+00:00,1.0,KXHIGHTOKC-26JUL01-T94,0.6435000148970587,KXHIGHTOKC-26JUL01-T94,,,1.0
