fold,train_start_date,train_end_date,test_start_date,test_end_date,epoch,train_loss,validation_loss
1,2026-07-02,2026-07-14,2026-07-15,2026-07-16,1,0.7748843431472778,1.1700481176376343
1,2026-07-02,2026-07-14,2026-07-15,2026-07-16,2,0.7694757580757141,1.1690258979797363
1,2026-07-02,2026-07-14,2026-07-15,2026-07-16,3,0.7649346590042114,1.168696641921997
1,2026-07-02,2026-07-14,2026-07-15,2026-07-16,4,0.7603467702865601,1.1690673828125
1,2026-07-02,2026-07-14,2026-07-15,2026-07-16,5,0.756511390209198,1.1690891981124878
1,2026-07-02,2026-07-14,2026-07-15,2026-07-16,6,0.7519635558128357,1.169432520866394
1,2026-07-02,2026-07-14,2026-07-15,2026-07-16,7,0.7480323910713196,1.1702561378479004
1,2026-07-02,2026-07-14,2026-07-15,2026-07-16,8,0.744713306427002,1.1711199283599854
1,2026-07-02,2026-07-14,2026-07-15,2026-07-16,9,0.7414085865020752,1.1716667413711548
1,2026-07-02,2026-07-14,2026-07-15,2026-07-16,10,0.7373443245887756,1.1716904640197754
1,2026-07-02,2026-07-14,2026-07-15,2026-07-16,11,0.733268678188324,1.1711840629577637
1,2026-07-02,2026-07-14,2026-07-15,2026-07-16,12,0.7300460934638977,1.1703158617019653
1,2026-07-02,2026-07-14,2026-07-15,2026-07-16,13,0.7249389290809631,1.1694198846817017
1,2026-07-02,2026-07-14,2026-07-15,2026-07-16,14,0.7217584252357483,1.1690086126327515
1,2026-07-02,2026-07-14,2026-07-15,2026-07-16,15,0.7140934467315674,1.1697585582733154
1,2026-07-02,2026-07-14,2026-07-15,2026-07-16,16,0.7106382250785828,1.1713173389434814
1,2026-07-02,2026-07-14,2026-07-15,2026-07-16,17,0.7047969102859497,1.173304796218872
1,2026-07-02,2026-07-14,2026-07-15,2026-07-16,18,0.6977187395095825,1.1759403944015503
1,2026-07-02,2026-07-14,2026-07-15,2026-07-16,19,0.6916924118995667,1.1793521642684937
1,2026-07-02,2026-07-14,2026-07-15,2026-07-16,20,0.6845883131027222,1.1826810836791992
1,2026-07-02,2026-07-14,2026-07-15,2026-07-16,21,0.6785390973091125,1.1854915618896484
1,2026-07-02,2026-07-14,2026-07-15,2026-07-16,22,0.6697484254837036,1.1884057521820068
1,2026-07-02,2026-07-14,2026-07-15,2026-07-16,23,0.6597231030464172,1.1909286975860596
