avg_clv,avg_edge,avg_entry_price,avg_model_probability,group,hit_rate,pnl,positive_clv_rate,realized_win_rate,roi,trades
0.16019607843137235,0.09651166591301698,0.33,0.426511665913017,utc_06,0.5,1.02,0.5,0.5,0.5151515151515151,6
-0.008235294117647193,0.0982808713032066,0.33666666666666667,0.4349475379698733,utc_07,0.3333333333333333,-0.010000000000000009,0.3333333333333333,0.3333333333333333,-0.00990099009900991,3
0.09488020445321144,0.09975584488598592,0.33166666666666667,0.4314225115526526,utc_08,0.3333333333333333,0.009999999999999981,0.5,0.3333333333333333,0.005025125628140694,6
-0.0024388468258591603,0.09905473287036566,0.25,0.34905473287036565,utc_09,0.25,-5.551115123125783e-17,0.25,0.25,-5.551115123125783e-17,4
0.6154901960784309,0.0931225966594098,0.36,0.4531225966594098,utc_10,1.0,1.2799999999999998,1.0,1.0,1.7777777777777777,2
0.695490196078431,0.08911293419899075,0.28,0.36911293419899077,utc_11,1.0,1.44,1.0,1.0,2.571428571428571,2
0.28019607843137234,0.096195853743536,0.21000000000000002,0.306195853743536,utc_12,0.5,0.58,0.5,0.5,1.3809523809523807,2
-0.3429148732663797,0.10257399267801962,0.36,0.4625739926780196,utc_13,0.0,-0.72,0.0,0.0,-1.0,2
0.665490196078431,0.10735602608885073,0.31,0.4173560260888507,utc_14,1.0,1.38,1.0,1.0,2.225806451612903,2
-0.15509803921568627,0.11179142389762273,0.16,0.27179142389762273,utc_16,0.0,-0.16,0.0,0.0,-1.0,1
0.23519607843137239,0.0937242404389595,0.255,0.3487242404389595,utc_18,0.5,0.49,0.5,0.5,0.9607843137254901,2
0.611201716738197,0.09987987782902283,0.23,0.32987987782902284,utc_19,1.0,0.77,1.0,1.0,3.3478260869565215,1
0.755490196078431,0.1147581346709238,0.22,0.3347581346709238,utc_20,1.0,0.78,1.0,1.0,3.5454545454545454,1
-0.3150980392156863,0.11493676893437949,0.32,0.4349367689343795,utc_21,0.0,-0.32,0.0,0.0,-1.0,1
