cumulative_pnl,hit_rate,pnl,target_date,trades
1.26,1.0,1.26,2026-07-02,2
1.71,0.3333333333333333,0.45,2026-07-03,3
2.62,0.4,0.91,2026-07-04,5
3.88,1.0,1.2599999999999998,2026-07-05,2
5.029999999999999,0.6666666666666666,1.15,2026-07-06,3
5.459999999999999,0.5,0.43,2026-07-07,4
5.519999999999999,0.3333333333333333,0.05999999999999994,2026-07-08,3
6.659999999999998,0.5,1.14,2026-07-09,4
6.689999999999999,0.25,0.029999999999999943,2026-07-10,4
9.739999999999998,1.0,3.05,2026-07-11,4
8.809999999999999,0.0,-0.9299999999999999,2026-07-12,4
8.089999999999998,0.0,-0.72,2026-07-13,2
